Workbook
Name _1__xlnm.Criteria: #REF!
Name _10__xlnm.Print_Area_13: #REF!
Name _11__xlnm.Print_Area_14: #REF!
Name _12__xlnm.Print_Area_15: #REF!
Name _13__xlnm.Print_Area_16: #REF!
Name _14__xlnm.Print_Area_2: #REF!
Name _15__xlnm.Print_Area_3: #REF!
Name _16__xlnm.Print_Area_4: #REF!
Name _17__xlnm.Print_Area_5: #REF!
Name _18__xlnm.Print_Area_6: #REF!
Name _19__xlnm.Print_Area_7: #REF!
Name _2__xlnm.Database: #REF!
Name _20__xlnm.Print_Area_8: #REF!
Name _21__xlnm.Print_Area_9: #REF!
Name _3__xlnm.Extract: #REF!
Name _4__xlnm.Print_Area: #REF!
Name _6__xlnm.Print_Area_1: #REF!
Name _7__xlnm.Print_Area_10: #REF!
Name _8__xlnm.Print_Area_11: #REF!
Name _9__xlnm.Print_Area_12: #REF!
Name DATOS: #REF!
Name L_Categorias: #REF!
Name L_GrupContenidos: #REF!
Name L_Macro: #REF!
Name L_Micros: #REF!
Name ListaLunes: _Lunes!$A$1:$A$366
Name M3_Competicion: #REF!
Name M3_Manteni: #REF!
Name M3_Preparatorio: #REF!
Name M3_TransDirigi: #REF!
Name M3_TransEspecial: #REF!
Name M4_Competicion: #REF!
Name M4_Manteni: #REF!
Name M4_Preparatorio: #REF!
Name M4_TransDirigi: #REF!
Name M4_TransEspecial: #REF!
Name M5_Competicion: #REF!
Name M5_Manteni: #REF!
Name M5_Preparatorio: #REF!
Name M5_TransDirigi: #REF!
Name M5_TransEspecial: #REF!
Name M6_Competicion: #REF!
Name M6_Manteni: #REF!
Name M6_Preparatorio: #REF!
Name M6_TransDirigi: #REF!
Name M6_TransEspecial: #REF!
Name M7_Competicion: #REF!
Name M7_Manteni: #REF!
Name M7_Preparatorio: #REF!
Name M7_TransDirigi: #REF!
Name M7_TransEspecial: #REF!
Name M7_TransManten: #REF!
Name MORPHOTYPE: #REF!
Name Plan_ConteMicro: #REF!
Name Plan_Contesesion: #REF!
Name Plan_Temp: #REF!
Name RangoModelMicro: INDIRECT(#REF!)
Name T_CargaOrientaEjercicio: #REF!
Name T_Cont1: OFFSET(#REF!,0,0,COUNTA(#REF!),3)
Name T_Cont2: OFFSET(#REF!,0,0,COUNTA(#REF!),3)

Sheet INPUT
A1: =HYPERLINK("#'INPUT'!A"&(COUNTA($A$3:$A$5000)+3),"▼ Siguiente fila vacía — TABLA 1 SESIONES") -> ▼ Siguiente fila vacía — TABLA 1 SESIONES | H1: =HYPERLINK("#'INPUT'!H"&(COUNTA($H$3:$H$5000)+3),"▼ Siguiente vacía — T2 BORG") -> ▼ Siguiente vacía — T2 BORG | M1: =HYPERLINK("#'INPUT'!M"&(COUNTA($M$3:$M$5000)+3),"▼ Siguiente vacía — T3 PESO") -> ▼ Siguiente vacía — T3 PESO | T1: =HYPERLINK("#'INPUT'!T"&(COUNTA($T$3:$T$5000)+3),"▼ Siguiente vacía — T4 WELLNESS") -> ▼ Siguiente vacía — T4 WELLNESS
A2: FECHA | B2: SEMANA | C2: TURNO | D2: TIPO SESIÓN | E2: MINUTOS | F2: COMPETICIÓN | H2: FECHA | I2: TURNO | J2: JUGADOR | K2: BORG | M2: FECHA | N2: TURNO | O2: JUGADOR | P2: PESO PRE | Q2: PESO POST | R2: H2O (L) | T2: FECHA | U2: JUGADOR | V2: SUEÑO | W2: FATIGA | X2: MOLESTIAS | Y2: ÁNIMO | Z2: TOTAL
A3: 45868 | B3: =IFERROR(_xlfn.ISOWEEKNUM(A3),"") -> 31 | C3: T | D3: FISICO | E3: 180 | F3: PRE-TEMPORADA | H3: 45868 | I3: T | J3: BARONA | K3: 7 | M3: 45868 | N3: T | O3: HERRERO | P3: 77 | Q3: 75.8 | R3: =IFERROR(P3-Q3,"") -> 1.2 | T3: 45868 | U3: HERRERO | V3: 2 | W3: 2 | X3: 1 | Y3: 3 | Z3: =SUM(V3:Y3) -> 8
A4: 45869 | B4: =IFERROR(_xlfn.ISOWEEKNUM(A4),"") -> 31 | C4: T | D4: FISICO | E4: 150 | F4: PRE-TEMPORADA | H4: 45868 | I4: T | J4: CARLOS | K4: 9 | M4: 45868 | N4: T | O4: GARCIA | P4: 78.6 | Q4: 78.5 | R4: =IFERROR(P4-Q4,"") -> 0.1 | T4: 45868 | U4: GARCIA | V4: 5 | W4: 5 | X4: 4 | Y4: 5 | Z4: =SUM(V4:Y4) -> 19
A5: 45870 | B5: =IFERROR(_xlfn.ISOWEEKNUM(A5),"") -> 31 | C5: T | D5: FISICO | E5: 180 | F5: PRE-TEMPORADA | H5: 45868 | I5: T | J5: CECILIO | K5: 8 | M5: 45868 | N5: T | O5: OSCAR | P5: 88.6 | Q5: 88.6 | R5: =IFERROR(P5-Q5,"") -> 0 | T5: 45868 | U5: OSCAR | V5: 5 | W5: 5 | X5: 5 | Y5: 5 | Z5: =SUM(V5:Y5) -> 20
A6: 45873 | B6: =IFERROR(_xlfn.ISOWEEKNUM(A6),"") -> 32 | C6: M | D6: GYM | E6: 75 | F6: PRE-TEMPORADA | H6: 45868 | I6: T | J6: CHAGUINHA | K6: 8 | M6: 45868 | N6: T | O6: CECILIO | P6: 68.1 | Q6: 67.9 | R6: =IFERROR(P6-Q6,"") -> 0.2 | T6: 45868 | U6: CECILIO | V6: 4 | W6: 4 | X6: 3 | Y6: 5 | Z6: =SUM(V6:Y6) -> 16
A7: 45873 | B7: =IFERROR(_xlfn.ISOWEEKNUM(A7),"") -> 32 | C7: T | D7: TEC-TAC | E7: 135 | F7: PRE-TEMPORADA | H7: 45868 | I7: T | J7: DANI | K7: 10 | M7: 45868 | N7: T | O7: CHAGUINHA | P7: 68.7 | Q7: 68 | R7: =IFERROR(P7-Q7,"") -> 0.7 | T7: 45868 | U7: CHAGUINHA | V7: 3 | W7: 4 | X7: 3 | Y7: 5 | Z7: =SUM(V7:Y7) -> 15
A8: 45874 | B8: =IFERROR(_xlfn.ISOWEEKNUM(A8),"") -> 32 | C8: M | D8: FISICO | E8: 150 | F8: PRE-TEMPORADA | H8: 45868 | I8: T | J8: GARCIA | K8: 8 | M8: 45868 | N8: T | O8: RAUL | P8: 79.8 | Q8: 79 | R8: =IFERROR(P8-Q8,"") -> 0.8 | T8: 45868 | U8: RAUL | V8: 5 | W8: 5 | X8: 5 | Y8: 5 | Z8: =SUM(V8:Y8) -> 20
A9: 45875 | B9: =IFERROR(_xlfn.ISOWEEKNUM(A9),"") -> 32 | C9: M | D9: TEC-TAC | E9: 120 | F9: PRE-TEMPORADA | H9: 45868 | I9: T | J9: GONZALO | K9: 8 | M9: 45868 | N9: T | O9: HARRISON | P9: 72.7 | Q9: 72.3 | R9: =IFERROR(P9-Q9,"") -> 0.4 | T9: 45868 | U9: HARRISON | V9: 4 | W9: 4 | X9: 5 | Y9: 5 | Z9: =SUM(V9:Y9) -> 18
A10: 45875 | B10: =IFERROR(_xlfn.ISOWEEKNUM(A10),"") -> 32 | C10: T | D10: TEC-TAC | E10: 120 | F10: PRE-TEMPORADA | H10: 45868 | I10: T | J10: HARRISON | K10: 9 | M10: 45868 | N10: T | O10: RAYA | P10: 82.9 | Q10: 81 | R10: =IFERROR(P10-Q10,"") -> 1.9 | T10: 45868 | U10: RAYA | V10: 4 | W10: 3 | X10: 3 | Y10: 5 | Z10: =SUM(V10:Y10) -> 15
A11: 45876 | B11: =IFERROR(_xlfn.ISOWEEKNUM(A11),"") -> 32 | C11: M | D11: GYM | E11: 70 | F11: PRE-TEMPORADA | H11: 45868 | I11: T | J11: HERRERO | K11: 10 | M11: 45868 | N11: T | O11: JAVI | P11: 78.3 | Q11: 77.1 | R11: =IFERROR(P11-Q11,"") -> 1.2 | T11: 45868 | U11: JAVI | V11: 4 | W11: 4 | X11: 4 | Y11: 4 | Z11: =SUM(V11:Y11) -> 16
A12: 45876 | B12: =IFERROR(_xlfn.ISOWEEKNUM(A12),"") -> 32 | C12: T | D12: TEC-TAC | E12: 120 | F12: PRE-TEMPORADA | H12: 45868 | I12: T | J12: JAIME | K12: 9 | M12: 45868 | N12: T | O12: PANI | P12: 70.6 | Q12: 70 | R12: =IFERROR(P12-Q12,"") -> 0.6 | T12: 45868 | U12: PANI | V12: 5 | W12: 5 | X12: 3 | Y12: 5 | Z12: =SUM(V12:Y12) -> 18
A13: 45877 | B13: =IFERROR(_xlfn.ISOWEEKNUM(A13),"") -> 32 | C13: M | D13: TEC-TAC | E13: 90 | F13: PRE-TEMPORADA | H13: 45868 | I13: T | J13: JAVI | K13: 9 | M13: 45868 | N13: T | O13: PIRATA | P13: 75.6 | Q13: 74.2 | R13: =IFERROR(P13-Q13,"") -> 1.4 | T13: 45868 | U13: PIRATA | V13: 5 | W13: 5 | X13: 5 | Y13: 5 | Z13: =SUM(V13:Y13) -> 20
A14: 45877 | B14: =IFERROR(_xlfn.ISOWEEKNUM(A14),"") -> 32 | C14: T | D14: PARTIDO | E14: 120 | F14: PRE-TEMPORADA | H14: 45868 | I14: T | J14: OSCAR | K14: 9 | M14: 45868 | N14: T | O14: BARONA | P14: 71.2 | Q14: 70.7 | R14: =IFERROR(P14-Q14,"") -> 0.5 | T14: 45868 | U14: BARONA | V14: 5 | W14: 5 | X14: 5 | Y14: 5 | Z14: =SUM(V14:Y14) -> 20
... A63: 45925 | B63: =IFERROR(_xlfn.ISOWEEKNUM(A63),"") -> 39 | C63: M | D63: TEC-TAC | E63: 90 | F63: PRE-TEMPORADA | H63: 45873 | I63: M | J63: JAIME | K63: 7 | M63: 45873 | N63: T | O63: PIRATA | P63: 76 | Q63: 76 | R63: =IFERROR(P63-Q63,"") -> 0 | T63: 45873 | U63: HARRISON | V63: 4 | W63: 5 | X63: 4 | Y63: 5 | Z63: =SUM(V63:Y63) -> 18
A64: 45926 | B64: =IFERROR(_xlfn.ISOWEEKNUM(A64),"") -> 39 | C64: M | D64: TEC-TAC | E64: 90 | F64: PRE-TEMPORADA | H64: 45873 | I64: M | J64: JAVI | K64: A | M64: 45873 | N64: T | O64: BARONA | P64: 71.3 | Q64: 71 | R64: =IFERROR(P64-Q64,"") -> 0.3 | T64: 45873 | U64: RAYA | V64: 5 | W64: 4 | X64: 3 | Y64: 5 | Z64: =SUM(V64:Y64) -> 17
A65: 45927 | B65: =IFERROR(_xlfn.ISOWEEKNUM(A65),"") -> 39 | C65: M | D65: PARTIDO | E65: 120 | F65: PRE-TEMPORADA | H65: 45873 | I65: M | J65: OSCAR | K65: 7 | M65: 45873 | N65: T | O65: CARLOS | P65: 67.7 | Q65: 67.1 | R65: =IFERROR(P65-Q65,"") -> 0.6 | T65: 45873 | U65: PANI | V65: 4 | W65: 4 | X65: 3 | Y65: 5 | Z65: =SUM(V65:Y65) -> 16
A66: 45929 | B66: =IFERROR(_xlfn.ISOWEEKNUM(A66),"") -> 40 | C66: M | D66: GYM | E66: 60 | F66: PRE-TEMPORADA | H66: 45873 | I66: M | J66: PANI | K66: 7 | M66: 45873 | N66: T | O66: GONZALO | P66: 85.2 | Q66: 85.1 | R66: =IFERROR(P66-Q66,"") -> 0.1 | T66: 45873 | U66: PIRATA | V66: 4 | W66: 5 | X66: 5 | Y66: 5 | Z66: =SUM(V66:Y66) -> 19
A67: 45929 | B67: =IFERROR(_xlfn.ISOWEEKNUM(A67),"") -> 40 | C67: T | D67: TEC-TAC | E67: 75 | F67: PRE-TEMPORADA | H67: 45873 | I67: M | J67: PIRATA | K67: 7 | M67: 45873 | N67: T | O67: RUBIO | P67: 75 | Q67: 74 | R67: =IFERROR(P67-Q67,"") -> 1 | T67: 45873 | U67: BARONA | V67: 3 | W67: 5 | X67: 3 | Y67: 5 | Z67: =SUM(V67:Y67) -> 16
A68: 45930 | B68: =IFERROR(_xlfn.ISOWEEKNUM(A68),"") -> 40 | C68: M | D68: TEC-TAC | E68: 105 | F68: PRE-TEMPORADA | H68: 45873 | I68: M | J68: RAUL | K68: 7 | M68: 45873 | N68: T | O68: DANI | P68: 93.8 | Q68: 93.1 | R68: =IFERROR(P68-Q68,"") -> 0.7 | T68: 45873 | U68: CARLOS | V68: 4 | W68: 4 | X68: 5 | Y68: 5 | Z68: =SUM(V68:Y68) -> 18
A69: 45931 | B69: =IFERROR(_xlfn.ISOWEEKNUM(A69),"") -> 40 | C69: M | D69: GYM | E69: 90 | F69: PRE-TEMPORADA | H69: 45873 | I69: M | J69: RAYA | K69: 7 | M69: 45873 | N69: T | O69: JAIME | P69: 75.4 | Q69: 75.2 | R69: =IFERROR(P69-Q69,"") -> 0.2 | T69: 45873 | U69: GONZALO | V69: 5 | W69: 5 | X69: 5 | Y69: 4 | Z69: =SUM(V69:Y69) -> 19
A70: 45931 | B70: =IFERROR(_xlfn.ISOWEEKNUM(A70),"") -> 40 | C70: T | D70: TEC-TAC | E70: 75 | F70: PRE-TEMPORADA | H70: 45873 | I70: M | J70: RUBIO | K70: 7 | M70: 45874 | N70: M | O70: HERRERO | P70: 76.9 | Q70: 75.3 | R70: =IFERROR(P70-Q70,"") -> 1.6 | T70: 45873 | U70: RUBIO | V70: 4 | W70: 4 | X70: 4 | Y70: 5 | Z70: =SUM(V70:Y70) -> 17
A71: 45932 | B71: =IFERROR(_xlfn.ISOWEEKNUM(A71),"") -> 40 | C71: M | D71: TEC-TAC | E71: 95 | F71: PRE-TEMPORADA | H71: 45873 | I71: T | J71: BARONA | K71: 8 | M71: 45874 | N71: M | O71: GARCIA | P71: 78.9 | Q71: 78 | R71: =IFERROR(P71-Q71,"") -> 0.9 | T71: 45873 | U71: DANI | V71: 4 | W71: 4 | X71: 5 | Y71: 5 | Z71: =SUM(V71:Y71) -> 18
A72: 45933 | B72: =IFERROR(_xlfn.ISOWEEKNUM(A72),"") -> 40 | C72: M | D72: TEC-TAC | E72: 75 | F72: PRE-TEMPORADA | H72: 45873 | I72: T | J72: CARLOS | K72: 6 | M72: 45874 | N72: M | O72: OSCAR | P72: 88.9 | Q72: 88.5 | R72: =IFERROR(P72-Q72,"") -> 0.4 | T72: 45873 | U72: JAIME | V72: 4 | W72: 4 | X72: 5 | Y72: 4 | Z72: =SUM(V72:Y72) -> 17
A73: 45934 | B73: =IFERROR(_xlfn.ISOWEEKNUM(A73),"") -> 40 | C73: M | D73: PARTIDO | E73: 120 | F73: PRE-TEMPORADA | H73: 45873 | I73: T | J73: CECILIO | K73: 6 | M73: 45874 | N73: M | O73: CECILIO | P73: 68.5 | Q73: 68.6 | R73: =IFERROR(P73-Q73,"") -> -0.1 | T73: 45873 | U73: MEDIA | V73: 4.125 | W73: 4.3125 | X73: 4.25 | Y73: 4.6875 | Z73: =SUM(V73:Y73) -> 17.375
A74: 45936 | B74: =IFERROR(_xlfn.ISOWEEKNUM(A74),"") -> 41 | C74: M | D74: TEC-TAC | E74: 95 | F74: PRE-TEMPORADA | H74: 45873 | I74: T | J74: CHAGUINHA | K74: 7 | M74: 45874 | N74: M | O74: CHAGUINHA | P74: 68.5 | Q74: 67.6 | R74: =IFERROR(P74-Q74,"") -> 0.9 | T74: 45874 | U74: HERRERO | V74: 2 | W74: 2 | X74: 2 | Y74: 2 | Z74: =SUM(V74:Y74) -> 8
A75: 45937 | B75: =IFERROR(_xlfn.ISOWEEKNUM(A75),"") -> 41 | C75: M | D75: TEC-TAC | E75: 75 | F75: PRE-TEMPORADA | H75: 45873 | I75: T | J75: DANI | K75: 6 | M75: 45874 | N75: M | O75: RAUL | P75: 79.2 | Q75: 78.8 | R75: =IFERROR(P75-Q75,"") -> 0.4 | T75: 45874 | U75: GARCIA | V75: 3 | W75: 4 | X75: 4 | Y75: 5 | Z75: =SUM(V75:Y75) -> 16
A76: 45938 | B76: =IFERROR(_xlfn.ISOWEEKNUM(A76),"") -> 41 | C76: M | D76: MATINAL | E76: 40 | F76: PRE-TEMPORADA | H76: 45873 | I76: T | J76: GARCIA | K76: 6 | M76: 45874 | N76: M | O76: HARRISON | P76: 71.8 | Q76: 72.1 | R76: =IFERROR(P76-Q76,"") -> -0.3 | T76: 45874 | U76: OSCAR | V76: 3 | W76: 5 | X76: 5 | Y76: 5 | Z76: =SUM(V76:Y76) -> 18
... A80: 45942 | B80: =IFERROR(_xlfn.ISOWEEKNUM(A80),"") -> 41 | C80: M | D80: PARTIDO | E80: 120 | F80: PRE-TEMPORADA | H80: 45873 | I80: T | J80: JAIME | K80: 9 | M80: 45874 | N80: M | O80: BARONA | P80: 70.6 | Q80: 70.3 | R80: =IFERROR(P80-Q80,"") -> 0.3 | T80: 45874 | U80: HARRISON | V80: 3 | W80: 3 | X80: 4 | Y80: 5 | Z80: =SUM(V80:Y80) -> 15
A81: 45944 | B81: =IFERROR(_xlfn.ISOWEEKNUM(A81),"") -> 42 | C81: M | D81: GYM+TEC-TAC | E81: 160 | F81: PRE-TEMPORADA | H81: 45873 | I81: T | J81: JAVI | K81: A | M81: 45874 | N81: M | O81: CARLOS | P81: 66.6 | Q81: 66.4 | R81: =IFERROR(P81-Q81,"") -> 0.2 | T81: 45874 | U81: RAYA | V81: 3 | W81: 4 | X81: 3 | Y81: 5 | Z81: =SUM(V81:Y81) -> 15
A82: 45945 | B82: =IFERROR(_xlfn.ISOWEEKNUM(A82),"") -> 42 | C82: T | D82: TEC-TAC | E82: 90 | F82: PRE-TEMPORADA | H82: 45873 | I82: T | J82: OSCAR | K82: 7 | M82: 45874 | N82: M | O82: GONZALO | P82: 85.1 | Q82: 84.7 | R82: =IFERROR(P82-Q82,"") -> 0.4 | T82: 45874 | U82: PANI | V82: 3 | W82: 3 | X82: 3 | Y82: 5 | Z82: =SUM(V82:Y82) -> 14
A83: 45946 | B83: =IFERROR(_xlfn.ISOWEEKNUM(A83),"") -> 42 | C83: M | D83: TEC-TAC | E83: 90 | F83: PRE-TEMPORADA | H83: 45873 | I83: T | J83: PANI | K83: 7 | M83: 45874 | N83: M | O83: RUBIO | P83: 74.4 | Q83: 74.2 | R83: =IFERROR(P83-Q83,"") -> 0.2 | T83: 45874 | U83: PIRATA | V83: 3 | W83: 3 | X83: 3 | Y83: 5 | Z83: =SUM(V83:Y83) -> 14
A84: 45947 | B84: =IFERROR(_xlfn.ISOWEEKNUM(A84),"") -> 42 | C84: M | D84: GYM+TEC-TAC | E84: 150 | F84: PRE-TEMPORADA | H84: 45873 | I84: T | J84: PIRATA | K84: 8 | M84: 45874 | N84: M | O84: DANI | P84: 93.5 | Q84: 92.6 | R84: =IFERROR(P84-Q84,"") -> 0.9 | T84: 45874 | U84: BARONA | V84: 4 | W84: 3 | X84: 2 | Y84: 5 | Z84: =SUM(V84:Y84) -> 14
A85: 45950 | B85: =IFERROR(_xlfn.ISOWEEKNUM(A85),"") -> 43 | C85: M | D85: GYM+TEC-TAC | E85: 90 | F85: PRE-TEMPORADA | H85: 45873 | I85: T | J85: RAUL | K85: 5 | M85: 45874 | N85: M | O85: JAIME | P85: 75.7 | Q85: 74.6 | R85: =IFERROR(P85-Q85,"") -> 1.1 | T85: 45874 | U85: CARLOS | V85: 3 | W85: 3 | X85: 5 | Y85: 5 | Z85: =SUM(V85:Y85) -> 16
A86: 45950 | B86: =IFERROR(_xlfn.ISOWEEKNUM(A86),"") -> 43 | C86: T | D86: TEC-TAC | E86: 90 | F86: PRE-TEMPORADA | H86: 45873 | I86: T | J86: RAYA | K86: 8 | M86: 45875 | N86: M | O86: HERRERO | P86: 77.3 | Q86: 76.5 | R86: =IFERROR(P86-Q86,"") -> 0.8 | T86: 45874 | U86: GONZALO | V86: 3 | W86: 3 | X86: 4 | Y86: 4 | Z86: =SUM(V86:Y86) -> 14
A87: 45951 | B87: =IFERROR(_xlfn.ISOWEEKNUM(A87),"") -> 43 | C87: M | D87: TEC-TAC | E87: 135 | F87: PRE-TEMPORADA | H87: 45873 | I87: T | J87: RUBIO | K87: 9 | M87: 45875 | N87: T | O87: HERRERO | P87: 77 | Q87: 76.6 | R87: =IFERROR(P87-Q87,"") -> 0.4 | T87: 45874 | U87: RUBIO | V87: 3 | W87: 4 | X87: 4 | Y87: 5 | Z87: =SUM(V87:Y87) -> 16
A88: 45952 | B88: =IFERROR(_xlfn.ISOWEEKNUM(A88),"") -> 43 | C88: M | D88: GYM+TEC-TAC | E88: 160 | F88: PRE-TEMPORADA | H88: 45874 | I88: M | J88: BARONA | K88: 8 | M88: 45875 | N88: M | O88: GARCIA | P88: 78.9 | Q88: 78.7 | R88: =IFERROR(P88-Q88,"") -> 0.2 | T88: 45874 | U88: DANI | V88: 3 | W88: 4 | X88: 5 | Y88: 4 | Z88: =SUM(V88:Y88) -> 16
A89: 45953 | B89: =IFERROR(_xlfn.ISOWEEKNUM(A89),"") -> 43 | C89: M | D89: TEC-TAC | E89: 110 | F89: PRE-TEMPORADA | H89: 45874 | I89: M | J89: CARLOS | K89: 9 | M89: 45875 | N89: T | O89: GARCIA | P89: 78.9 | Q89: 78.7 | R89: =IFERROR(P89-Q89,"") -> 0.2 | T89: 45874 | U89: JAIME | V89: 3 | W89: 4 | X89: 4 | Y89: 5 | Z89: =SUM(V89:Y89) -> 16
A90: 45954 | B90: =IFERROR(_xlfn.ISOWEEKNUM(A90),"") -> 43 | C90: T | D90: TEC-TAC | E90: 75 | F90: PRE-TEMPORADA | H90: 45874 | I90: M | J90: CECILIO | K90: 9 | M90: 45875 | N90: M | O90: OSCAR | P90: 91 | Q90: 89.7 | R90: =IFERROR(P90-Q90,"") -> 1.3 | T90: 45874 | U90: MEDIA | V90: 3.3125 | W90: 3.5625 | X90: 3.6875 | Y90: 4.6875 | Z90: =SUM(V90:Y90) -> 15.25
A91: 45955 | B91: =IFERROR(_xlfn.ISOWEEKNUM(A91),"") -> 43 | C91: T | D91: PARTIDO | E91: 120 | F91: PRE-TEMPORADA | H91: 45874 | I91: M | J91: CHAGUINHA | K91: 10 | M91: 45875 | N91: T | O91: OSCAR | P91: 89.9 | Q91: 89.9 | R91: =IFERROR(P91-Q91,"") -> 0 | T91: 45875 | U91: HERRERO | V91: 1 | W91: 2 | X91: 2 | Y91: 2 | Z91: =SUM(V91:Y91) -> 7
A92: 45958 | B92: =IFERROR(_xlfn.ISOWEEKNUM(A92),"") -> 44 | C92: M | D92: GYM+TEC-TAC | E92: 150 | F92: PRE-TEMPORADA | H92: 45874 | I92: M | J92: DANI | K92: 10 | M92: 45875 | N92: M | O92: CECILIO | P92: 69 | Q92: 68.7 | R92: =IFERROR(P92-Q92,"") -> 0.3 | T92: 45875 | U92: GARCIA | V92: 4 | W92: 4 | X92: 4 | Y92: 5 | Z92: =SUM(V92:Y92) -> 17
A93: 45959 | B93: =IFERROR(_xlfn.ISOWEEKNUM(A93),"") -> 44 | C93: M | D93: TEC-TAC | E93: 90 | F93: PRE-TEMPORADA | H93: 45874 | I93: M | J93: GARCIA | K93: 7 | M93: 45875 | N93: T | O93: CECILIO | P93: 69 | Q93: 68.9 | R93: =IFERROR(P93-Q93,"") -> 0.1 | T93: 45875 | U93: OSCAR | V93: 4 | W93: 4 | X93: 5 | Y93: 5 | Z93: =SUM(V93:Y93) -> 18
... A97: 45965 | B97: =IFERROR(_xlfn.ISOWEEKNUM(A97),"") -> 45 | C97: M | D97: MATINAL | E97: 35 | F97: PRE-TEMPORADA | H97: 45874 | I97: M | J97: JAIME | K97: 9 | M97: 45875 | N97: T | O97: RAUL | P97: 79.2 | Q97: 79.3 | R97: =IFERROR(P97-Q97,"") -> -0.1 | T97: 45875 | U97: HARRISON | V97: 2 | W97: 3 | X97: 3 | Y97: 5 | Z97: =SUM(V97:Y97) -> 13
A98: 45965 | B98: =IFERROR(_xlfn.ISOWEEKNUM(A98),"") -> 45 | C98: T | D98: PARTIDO | E98: 120 | F98: PRE-TEMPORADA | H98: 45874 | I98: M | J98: JAVI | K98: A | M98: 45875 | N98: M | O98: HARRISON | P98: 71.6 | Q98: 71.9 | R98: =IFERROR(P98-Q98,"") -> -0.3 | T98: 45875 | U98: RAYA | V98: 4 | W98: 4 | X98: 3 | Y98: 5 | Z98: =SUM(V98:Y98) -> 16
A99: 45966 | B99: =IFERROR(_xlfn.ISOWEEKNUM(A99),"") -> 45 | C99: M | D99: RECUPERACIÓN | E99: 30 | F99: PRE-TEMPORADA | H99: 45874 | I99: M | J99: OSCAR | K99: 7 | M99: 45875 | N99: T | O99: HARRISON | P99: 72 | Q99: 71.8 | R99: =IFERROR(P99-Q99,"") -> 0.2 | T99: 45875 | U99: PANI | V99: 4 | W99: 2 | X99: 2 | Y99: 5 | Z99: =SUM(V99:Y99) -> 13
A100: 45967 | B100: =IFERROR(_xlfn.ISOWEEKNUM(A100),"") -> 45 | C100: M | D100: TEC-TAC | E100: 90 | F100: PRE-TEMPORADA | H100: 45874 | I100: M | J100: PANI | K100: 9 | M100: 45875 | N100: M | O100: RAYA | P100: 82.4 | Q100: 80.8 | R100: =IFERROR(P100-Q100,"") -> 1.6 | T100: 45875 | U100: PIRATA | V100: 4 | W100: 4 | X100: 3 | Y100: 5 | Z100: =SUM(V100:Y100) -> 16
A101: 45968 | B101: =IFERROR(_xlfn.ISOWEEKNUM(A101),"") -> 45 | C101: M | D101: MATINAL | E101: 35 | F101: PRE-TEMPORADA | H101: 45874 | I101: M | J101: PIRATA | K101: 9 | M101: 45875 | N101: T | O101: RAYA | P101: 80.8 | Q101: 81.3 | R101: =IFERROR(P101-Q101,"") -> -0.5 | T101: 45875 | U101: BARONA | V101: 3 | W101: 4 | X101: 2 | Y101: 5 | Z101: =SUM(V101:Y101) -> 14
A102: 45968 | B102: =IFERROR(_xlfn.ISOWEEKNUM(A102),"") -> 45 | C102: T | D102: PARTIDO | E102: 120 | F102: PRE-TEMPORADA | H102: 45874 | I102: M | J102: RAUL | K102: 9 | M102: 45875 | N102: M | O102: PANI | P102: 70.6 | Q102: 70.1 | R102: =IFERROR(P102-Q102,"") -> 0.5 | T102: 45875 | U102: CARLOS | V102: 3 | W102: 3 | X102: 4 | Y102: 5 | Z102: =SUM(V102:Y102) -> 15
A103: 45971 | B103: =IFERROR(_xlfn.ISOWEEKNUM(A103),"") -> 46 | C103: M | D103: GYM+TEC-TAC | E103: 60 | F103: PRE-TEMPORADA | H103: 45874 | I103: M | J103: RAYA | K103: 10 | M103: 45875 | N103: T | O103: PANI | P103: 70.9 | Q103: 70 | R103: =IFERROR(P103-Q103,"") -> 0.9 | T103: 45875 | U103: GONZALO | V103: 4 | W103: 3 | X103: 3 | Y103: 4 | Z103: =SUM(V103:Y103) -> 14
A104: 45971 | B104: =IFERROR(_xlfn.ISOWEEKNUM(A104),"") -> 46 | C104: T | D104: TEC-TAC | E104: 90 | F104: PRE-TEMPORADA | H104: 45874 | I104: M | J104: RUBIO | K104: 10 | M104: 45875 | N104: M | O104: PIRATA | P104: 74.9 | Q104: 74.9 | R104: =IFERROR(P104-Q104,"") -> 0 | T104: 45875 | U104: RUBIO | V104: 3 | W104: 4 | X104: 4 | Y104: 5 | Z104: =SUM(V104:Y104) -> 16
A105: 45972 | B105: =IFERROR(_xlfn.ISOWEEKNUM(A105),"") -> 46 | C105: M | D105: TEC-TAC | E105: 100 | F105: PRE-TEMPORADA | H105: 45875 | I105: M | J105: BARONA | K105: 7 | M105: 45875 | N105: T | O105: PIRATA | P105: 74.8 | Q105: 74.6 | R105: =IFERROR(P105-Q105,"") -> 0.2 | T105: 45875 | U105: DANI | V105: 5 | W105: 4 | X105: 4 | Y105: 4 | Z105: =SUM(V105:Y105) -> 17
A106: 45973 | B106: =IFERROR(_xlfn.ISOWEEKNUM(A106),"") -> 46 | C106: M | D106: GYM+TEC-TAC | E106: 170 | F106: PRE-TEMPORADA | H106: 45875 | I106: M | J106: CARLOS | K106: 6 | M106: 45875 | N106: M | O106: BARONA | P106: 70.8 | Q106: 70.3 | R106: =IFERROR(P106-Q106,"") -> 0.5 | T106: 45875 | U106: JAIME | V106: 3 | W106: 3 | X106: 4 | Y106: 5 | Z106: =SUM(V106:Y106) -> 15
A107: 45974 | B107: =IFERROR(_xlfn.ISOWEEKNUM(A107),"") -> 46 | C107: M | D107: TEC-TAC | E107: 120 | F107: PRE-TEMPORADA | H107: 45875 | I107: M | J107: CECILIO | K107: 7 | M107: 45875 | N107: T | O107: BARONA | P107: 70.6 | Q107: 70.7 | R107: =IFERROR(P107-Q107,"") -> -0.1 | T107: 45875 | U107: MEDIA | V107: 3.5625 | W107: 3.375 | X107: 3.375 | Y107: 4.6875 | Z107: =SUM(V107:Y107) -> 15
A108: 45975 | B108: =IFERROR(_xlfn.ISOWEEKNUM(A108),"") -> 46 | C108: M | D108: TEC-TAC | E108: 90 | F108: PRE-TEMPORADA | H108: 45875 | I108: M | J108: CHAGUINHA | K108: 7 | M108: 45875 | N108: M | O108: CARLOS | P108: 67.2 | Q108: 66.7 | R108: =IFERROR(P108-Q108,"") -> 0.5 | T108: 45876 | U108: HERRERO | V108: 2 | W108: 2 | X108: 2 | Y108: 2 | Z108: =SUM(V108:Y108) -> 8
A109: 45976 | B109: =IFERROR(_xlfn.ISOWEEKNUM(A109),"") -> 46 | C109: T | D109: PARTIDO | E109: 120 | F109: PRE-TEMPORADA | H109: 45875 | I109: M | J109: DANI | K109: 6 | M109: 45875 | N109: T | O109: CARLOS | P109: 67.6 | Q109: 66.8 | R109: =IFERROR(P109-Q109,"") -> 0.8 | T109: 45876 | U109: GARCIA | V109: 4 | W109: 4 | X109: 4 | Y109: 5 | Z109: =SUM(V109:Y109) -> 17
A110: 45978 | B110: =IFERROR(_xlfn.ISOWEEKNUM(A110),"") -> 47 | C110: M | D110: TEC-TAC | E110: 100 | F110: PRE-TEMPORADA | H110: 45875 | I110: M | J110: GARCIA | K110: 6 | M110: 45875 | N110: M | O110: GONZALO | P110: 84.7 | Q110: 84.8 | R110: =IFERROR(P110-Q110,"") -> -0.1 | T110: 45876 | U110: OSCAR | V110: 5 | W110: 4 | X110: 4 | Y110: 5 | Z110: =SUM(V110:Y110) -> 18
... A114: 45982 | B114: =IFERROR(_xlfn.ISOWEEKNUM(A114),"") -> 47 | C114: M | D114: TEC-TAC | E114: 75 | F114: PRE-TEMPORADA | H114: 45875 | I114: M | J114: JAIME | K114: 7 | M114: 45875 | N114: M | O114: DANI | P114: 93.9 | Q114: 93 | R114: =IFERROR(P114-Q114,"") -> 0.9 | T114: 45876 | U114: HARRISON | V114: 3 | W114: 4 | X114: 4 | Y114: 5 | Z114: =SUM(V114:Y114) -> 16
A115: 45983 | B115: =IFERROR(_xlfn.ISOWEEKNUM(A115),"") -> 47 | C115: M | D115: MATINAL | E115: 35 | F115: PRE-TEMPORADA | H115: 45875 | I115: M | J115: JAVI | K115: A | M115: 45875 | N115: T | O115: DANI | P115: 93.6 | Q115: 93.2 | R115: =IFERROR(P115-Q115,"") -> 0.4 | T115: 45876 | U115: RAYA | V115: 4 | W115: 4 | X115: 3 | Y115: 5 | Z115: =SUM(V115:Y115) -> 16
A116: 45983 | B116: =IFERROR(_xlfn.ISOWEEKNUM(A116),"") -> 47 | C116: T | D116: PARTIDO | E116: 120 | F116: PRE-TEMPORADA | H116: 45875 | I116: M | J116: OSCAR | K116: 6 | M116: 45875 | N116: M | O116: JAIME | P116: 75.1 | Q116: 74.8 | R116: =IFERROR(P116-Q116,"") -> 0.3 | T116: 45876 | U116: JAVI | V116: 3 | W116: 3 | X116: 3 | Y116: 3 | Z116: =SUM(V116:Y116) -> 12
A117: 45985 | B117: =IFERROR(_xlfn.ISOWEEKNUM(A117),"") -> 48 | C117: M | D117: TEC-TAC | E117: 85 | F117: PRE-TEMPORADA | H117: 45875 | I117: M | J117: PANI | K117: 6 | M117: 45875 | N117: T | O117: JAIME | P117: 75.3 | Q117: 75.3 | R117: =IFERROR(P117-Q117,"") -> 0 | T117: 45876 | U117: PANI | V117: 4 | W117: 3 | X117: 3 | Y117: 5 | Z117: =SUM(V117:Y117) -> 15
A118: 45986 | B118: =IFERROR(_xlfn.ISOWEEKNUM(A118),"") -> 48 | C118: M | D118: MATINAL | E118: 35 | F118: PRE-TEMPORADA | H118: 45875 | I118: M | J118: PIRATA | K118: 7 | M118: 45876 | N118: T | O118: HERRERO | P118: 76.8 | Q118: 75.9 | R118: =IFERROR(P118-Q118,"") -> 0.9 | T118: 45876 | U118: PIRATA | V118: 4 | W118: 4 | X118: 4 | Y118: 5 | Z118: =SUM(V118:Y118) -> 17
A119: 45986 | B119: =IFERROR(_xlfn.ISOWEEKNUM(A119),"") -> 48 | C119: T | D119: PARTIDO | E119: 120 | F119: PRE-TEMPORADA | H119: 45875 | I119: M | J119: RAUL | K119: 6 | M119: 45876 | N119: T | O119: GARCIA | P119: 78.8 | Q119: 78.9 | R119: =IFERROR(P119-Q119,"") -> -0.1 | T119: 45876 | U119: BARONA | V119: 4 | W119: 5 | X119: 1 | Y119: 5 | Z119: =SUM(V119:Y119) -> 15
A120: 45987 | B120: =IFERROR(_xlfn.ISOWEEKNUM(A120),"") -> 48 | C120: M | D120: RECUPERACIÓN | E120: 30 | F120: PRE-TEMPORADA | H120: 45875 | I120: M | J120: RAYA | K120: 7 | M120: 45876 | N120: T | O120: OSCAR | P120: 89.5 | Q120: 89.6 | R120: =IFERROR(P120-Q120,"") -> -0.1 | T120: 45876 | U120: CARLOS | V120: 3 | W120: 3 | X120: 4 | Y120: 5 | Z120: =SUM(V120:Y120) -> 15
A121: 45988 | B121: =IFERROR(_xlfn.ISOWEEKNUM(A121),"") -> 48 | C121: M | D121: TEC-TAC | E121: 90 | F121: PRE-TEMPORADA | H121: 45875 | I121: M | J121: RUBIO | K121: 8 | M121: 45876 | N121: T | O121: CECILIO | P121: 69 | Q121: 68.5 | R121: =IFERROR(P121-Q121,"") -> 0.5 | T121: 45876 | U121: GONZALO | V121: 5 | W121: 3 | X121: 3 | Y121: 4 | Z121: =SUM(V121:Y121) -> 15
A122: 45989 | B122: =IFERROR(_xlfn.ISOWEEKNUM(A122),"") -> 48 | C122: M | D122: MATINAL | E122: 35 | F122: PRE-TEMPORADA | H122: 45875 | I122: T | J122: BARONA | K122: 6 | M122: 45876 | N122: T | O122: CHAGUINHA | P122: 68.5 | Q122: 67.6 | R122: =IFERROR(P122-Q122,"") -> 0.9 | T122: 45876 | U122: RUBIO | V122: 4 | W122: 4 | X122: 4 | Y122: 5 | Z122: =SUM(V122:Y122) -> 17
A123: 45989 | B123: =IFERROR(_xlfn.ISOWEEKNUM(A123),"") -> 48 | C123: T | D123: PARTIDO | E123: 120 | F123: PRE-TEMPORADA | H123: 45875 | I123: T | J123: CARLOS | K123: 5 | M123: 45876 | N123: T | O123: RAUL | P123: 80 | Q123: 79.5 | R123: =IFERROR(P123-Q123,"") -> 0.5 | T123: 45876 | U123: DANI | V123: 4 | W123: 4 | X123: 4 | Y123: 4 | Z123: =SUM(V123:Y123) -> 16
A124: 45992 | B124: =IFERROR(_xlfn.ISOWEEKNUM(A124),"") -> 49 | C124: M | D124: GYM | E124: 60 | F124: PRE-TEMPORADA | H124: 45875 | I124: T | J124: CECILIO | K124: 5 | M124: 45876 | N124: T | O124: HARRISON | P124: 72.1 | Q124: 72.3 | R124: =IFERROR(P124-Q124,"") -> -0.2 | T124: 45876 | U124: JAIME | V124: 4 | W124: 4 | X124: 4 | Y124: 5 | Z124: =SUM(V124:Y124) -> 17
A125: 45992 | B125: =IFERROR(_xlfn.ISOWEEKNUM(A125),"") -> 49 | C125: T | D125: TEC-TAC | E125: 90 | F125: PRE-TEMPORADA | H125: 45875 | I125: T | J125: CHAGUINHA | K125: 5 | M125: 45876 | N125: T | O125: RAYA | P125: 82.5 | Q125: 81 | R125: =IFERROR(P125-Q125,"") -> 1.5 | T125: 45876 | U125: MEDIA | V125: 4 | W125: 3.7647059 | X125: 3.5294118 | Y125: 4.5882353 | Z125: =SUM(V125:Y125) -> 15.882353
A126: 45993 | B126: =IFERROR(_xlfn.ISOWEEKNUM(A126),"") -> 49 | C126: M | D126: TEC-TAC | E126: 120 | F126: PRE-TEMPORADA | H126: 45875 | I126: T | J126: DANI | K126: 6 | M126: 45876 | N126: T | O126: JAVI | P126: 79.5 | Q126: 79.1 | R126: =IFERROR(P126-Q126,"") -> 0.4 | T126: 45877 | U126: HERRERO | V126: 1 | W126: 2 | X126: 2 | Y126: 2 | Z126: =SUM(V126:Y126) -> 7
A127: 45994 | B127: =IFERROR(_xlfn.ISOWEEKNUM(A127),"") -> 49 | C127: M | D127: GYM+TEC-TAC | E127: 140 | F127: PRE-TEMPORADA | H127: 45875 | I127: T | J127: GARCIA | K127: 5 | M127: 45876 | N127: T | O127: PANI | P127: 70.4 | Q127: 70 | R127: =IFERROR(P127-Q127,"") -> 0.4 | T127: 45877 | U127: GARCIA | V127: 4 | W127: 4 | X127: 4 | Y127: 5 | Z127: =SUM(V127:Y127) -> 17
... A131: 45999 | B131: =IFERROR(_xlfn.ISOWEEKNUM(A131),"") -> 50 | C131: M | D131: TEC-TAC | E131: 65 | F131: PRE-TEMPORADA | H131: 45875 | I131: T | J131: JAIME | K131: 5 | M131: 45876 | N131: T | O131: GONZALO | P131: 85.3 | Q131: 85.1 | R131: =IFERROR(P131-Q131,"") -> 0.2 | T131: 45877 | U131: RAUL | V131: 5 | W131: 4 | X131: 4 | Y131: 5 | Z131: =SUM(V131:Y131) -> 18
A132: 46000 | B132: =IFERROR(_xlfn.ISOWEEKNUM(A132),"") -> 50 | C132: M | D132: MATINAL | E132: 35 | F132: PRE-TEMPORADA | H132: 45875 | I132: T | J132: JAVI | K132: A | M132: 45876 | N132: T | O132: RUBIO | P132: 74.7 | Q132: 74.6 | R132: =IFERROR(P132-Q132,"") -> 0.1 | T132: 45877 | U132: HARRISON | V132: 4 | W132: 4 | X132: 4 | Y132: 5 | Z132: =SUM(V132:Y132) -> 17
A133: 46000 | B133: =IFERROR(_xlfn.ISOWEEKNUM(A133),"") -> 50 | C133: T | D133: PARTIDO | E133: 120 | F133: PRE-TEMPORADA | H133: 45875 | I133: T | J133: OSCAR | K133: 5 | M133: 45876 | N133: T | O133: DANI | P133: 94.2 | Q133: 93.4 | R133: =IFERROR(P133-Q133,"") -> 0.8 | T133: 45877 | U133: RAYA | V133: 3 | W133: 4 | X133: 4 | Y133: 5 | Z133: =SUM(V133:Y133) -> 16
A134: 46001 | B134: =IFERROR(_xlfn.ISOWEEKNUM(A134),"") -> 50 | C134: M | D134: RECUPERACIÓN | E134: 45 | F134: PRE-TEMPORADA | H134: 45875 | I134: T | J134: PANI | K134: 3 | M134: 45876 | N134: T | O134: JAIME | P134: 76.5 | Q134: 75.5 | R134: =IFERROR(P134-Q134,"") -> 1 | T134: 45877 | U134: JAVI | V134: 4 | W134: 3 | X134: 3 | Y134: 4 | Z134: =SUM(V134:Y134) -> 14
A135: 46002 | B135: =IFERROR(_xlfn.ISOWEEKNUM(A135),"") -> 50 | C135: M | D135: TEC-TAC | E135: 75 | F135: PRE-TEMPORADA | H135: 45875 | I135: T | J135: PIRATA | K135: 4 | M135: 45877 | N135: M | O135: HERRERO | P135: 76.8 | Q135: 76 | R135: =IFERROR(P135-Q135,"") -> 0.8 | T135: 45877 | U135: PANI | V135: 4 | W135: 4 | X135: 4 | Y135: 5 | Z135: =SUM(V135:Y135) -> 17
A136: 46003 | B136: =IFERROR(_xlfn.ISOWEEKNUM(A136),"") -> 50 | C136: T | D136: TEC-TAC | E136: 75 | F136: PRE-TEMPORADA | H136: 45875 | I136: T | J136: RAUL | K136: 5 | M136: 45877 | N136: T | O136: HERRERO | P136: 77.1 | Q136: 76.5 | R136: =IFERROR(P136-Q136,"") -> 0.6 | T136: 45877 | U136: PIRATA | V136: 4 | W136: 4 | X136: 4 | Y136: 5 | Z136: =SUM(V136:Y136) -> 17
A137: 46004 | B137: =IFERROR(_xlfn.ISOWEEKNUM(A137),"") -> 50 | C137: T | D137: PARTIDO | E137: 120 | F137: PRE-TEMPORADA | H137: 45875 | I137: T | J137: RAYA | K137: 7 | M137: 45877 | N137: M | O137: GARCIA | P137: 79 | Q137: 78.8 | R137: =IFERROR(P137-Q137,"") -> 0.2 | T137: 45877 | U137: BARONA | V137: 4 | W137: 5 | X137: 2 | Y137: 4 | Z137: =SUM(V137:Y137) -> 15
A138: 46007 | B138: =IFERROR(_xlfn.ISOWEEKNUM(A138),"") -> 51 | C138: T | D138: GYM+TEC-TAC | E138: 135 | F138: PRE-TEMPORADA | H138: 45875 | I138: T | J138: RUBIO | K138: 6 | M138: 45877 | N138: T | O138: GARCIA | P138: 78.8 | Q138: 78.7 | R138: =IFERROR(P138-Q138,"") -> 0.1 | T138: 45877 | U138: CARLOS | V138: 3 | W138: 2 | X138: 4 | Y138: 5 | Z138: =SUM(V138:Y138) -> 14
A139: 46008 | B139: =IFERROR(_xlfn.ISOWEEKNUM(A139),"") -> 51 | C139: T | D139: TEC-TAC | E139: 90 | F139: PRE-TEMPORADA | H139: 45876 | I139: M | J139: BARONA | K139: 7 | M139: 45877 | N139: M | O139: OSCAR | P139: 89.7 | Q139: 88.6 | R139: =IFERROR(P139-Q139,"") -> 1.1 | T139: 45877 | U139: GONZALO | V139: 5 | W139: 3 | X139: 3 | Y139: 4 | Z139: =SUM(V139:Y139) -> 15
A140: 46009 | B140: =IFERROR(_xlfn.ISOWEEKNUM(A140),"") -> 51 | C140: M | D140: TEC-TAC | E140: 80 | F140: PRE-TEMPORADA | H140: 45876 | I140: M | J140: CARLOS | K140: 7 | M140: 45877 | N140: M | O140: CECILIO | P140: 69 | Q140: 68.2 | R140: =IFERROR(P140-Q140,"") -> 0.8 | T140: 45877 | U140: RUBIO | V140: 4 | W140: 3 | X140: 3 | Y140: 5 | Z140: =SUM(V140:Y140) -> 15
A141: 46010 | B141: =IFERROR(_xlfn.ISOWEEKNUM(A141),"") -> 51 | C141: M | D141: TEC-TAC | E141: 140 | F141: PRE-TEMPORADA | H141: 45876 | I141: M | J141: CECILIO | K141: 7 | M141: 45877 | N141: T | O141: CECILIO | P141: 69.5 | Q141: 68.6 | R141: =IFERROR(P141-Q141,"") -> 0.9 | T141: 45877 | U141: DANI | V141: 4 | W141: 4 | X141: 4 | Y141: 4 | Z141: =SUM(V141:Y141) -> 16
A142: 46013 | B142: =IFERROR(_xlfn.ISOWEEKNUM(A142),"") -> 52 | C142: M | D142: GYM+TEC-TAC | E142: 150 | F142: PRE-TEMPORADA | H142: 45876 | I142: M | J142: CHAGUINHA | K142: 7 | M142: 45877 | N142: M | O142: CHAGUINHA | P142: 68.3 | Q142: 68 | R142: =IFERROR(P142-Q142,"") -> 0.3 | T142: 45877 | U142: JAIME | V142: 4 | W142: 3 | X142: 3 | Y142: 5 | Z142: =SUM(V142:Y142) -> 15
A143: 46014 | B143: =IFERROR(_xlfn.ISOWEEKNUM(A143),"") -> 52 | C143: M | D143: TEC-TAC | E143: 90 | F143: PRE-TEMPORADA | H143: 45876 | I143: M | J143: DANI | K143: 7 | M143: 45877 | N143: T | O143: CHAGUINHA | P143: 68.6 | Q143: 68 | R143: =IFERROR(P143-Q143,"") -> 0.6 | T143: 45877 | U143: MEDIA | V143: 3.8235294 | W143: 3.5294118 | X143: 3.4705882 | Y143: 4.5882353 | Z143: =SUM(V143:Y143) -> 15.411765
A144: 46014 | B144: =IFERROR(_xlfn.ISOWEEKNUM(A144),"") -> 52 | C144: T | D144: TEC-TAC | E144: 90 | F144: PRE-TEMPORADA | H144: 45876 | I144: M | J144: GARCIA | K144: 7 | M144: 45877 | N144: M | O144: RAUL | P144: 79.4 | Q144: 79.3 | R144: =IFERROR(P144-Q144,"") -> 0.1 | T144: 45878 | U144: HERRERO | V144: 1 | W144: 2 | X144: 2 | Y144: 2 | Z144: =SUM(V144:Y144) -> 7
... A155: 46029 | B155: =IFERROR(_xlfn.ISOWEEKNUM(A155),"") -> 2 | C155: T | D155: PARTIDO | E155: 120 | F155: PRE-TEMPORADA | H155: 45876 | I155: M | J155: RUBIO | K155: 7 | M155: 45877 | N155: T | O155: PIRATA | P155: 75.3 | Q155: 75.3 | R155: =IFERROR(P155-Q155,"") -> 0 | T155: 45878 | U155: BARONA | V155: 4 | W155: 5 | X155: 2 | Y155: 4 | Z155: =SUM(V155:Y155) -> 15
A156: 46030 | B156: =IFERROR(_xlfn.ISOWEEKNUM(A156),"") -> 2 | C156: M | D156: RECUPERACIÓN | E156: 75 | F156: PRE-TEMPORADA | H156: 45876 | I156: T | J156: BARONA | K156: L | M156: 45877 | N156: M | O156: BARONA | P156: 71.1 | Q156: 70.8 | R156: =IFERROR(P156-Q156,"") -> 0.3 | T156: 45878 | U156: CARLOS | V156: 3 | W156: 2 | X156: 4 | Y156: 5 | Z156: =SUM(V156:Y156) -> 14
A157: 46031 | B157: =IFERROR(_xlfn.ISOWEEKNUM(A157),"") -> 2 | C157: M | D157: TEC-TAC | E157: 90 | F157: PRE-TEMPORADA | H157: 45876 | I157: T | J157: CARLOS | K157: 6 | M157: 45877 | N157: T | O157: BARONA | P157: 71.1 | Q157: 71.1 | R157: =IFERROR(P157-Q157,"") -> 0 | T157: 45878 | U157: GONZALO | V157: 5 | W157: 3 | X157: 3 | Y157: 4 | Z157: =SUM(V157:Y157) -> 15
A158: 46032 | B158: =IFERROR(_xlfn.ISOWEEKNUM(A158),"") -> 2 | C158: M | D158: PARTIDO | E158: 120 | F158: PRE-TEMPORADA | H158: 45876 | I158: T | J158: CECILIO | K158: 6 | M158: 45877 | N158: M | O158: CARLOS | P158: 67.2 | Q158: 67.2 | R158: =IFERROR(P158-Q158,"") -> 0 | T158: 45878 | U158: RUBIO | V158: 4 | W158: 3 | X158: 3 | Y158: 5 | Z158: =SUM(V158:Y158) -> 15
A159: 46041 | B159: =IFERROR(_xlfn.ISOWEEKNUM(A159),"") -> 4 | C159: M | D159: TEC-TAC | E159: 110 | F159: PRE-TEMPORADA | H159: 45876 | I159: T | J159: CHAGUINHA | K159: 6 | M159: 45877 | N159: T | O159: CARLOS | P159: 68 | Q159: 66.8 | R159: =IFERROR(P159-Q159,"") -> 1.2 | T159: 45878 | U159: DANI | V159: 4 | W159: 4 | X159: 4 | Y159: 4 | Z159: =SUM(V159:Y159) -> 16
A160: 46041 | B160: =IFERROR(_xlfn.ISOWEEKNUM(A160),"") -> 4 | C160: T | D160: GYM+FISICO | E160: 105 | F160: PRE-TEMPORADA | H160: 45876 | I160: T | J160: DANI | K160: 5 | M160: 45877 | N160: M | O160: GONZALO | P160: 85.4 | Q160: 85 | R160: =IFERROR(P160-Q160,"") -> 0.4 | T160: 45878 | U160: JAIME | V160: 4 | W160: 3 | X160: 3 | Y160: 5 | Z160: =SUM(V160:Y160) -> 15
A161: 46042 | B161: =IFERROR(_xlfn.ISOWEEKNUM(A161),"") -> 4 | C161: T | D161: TEC-TAC | E161: 100 | F161: PRE-TEMPORADA | H161: 45876 | I161: T | J161: GARCIA | K161: 5 | M161: 45877 | N161: T | O161: GONZALO | P161: 84.9 | Q161: 84.8 | R161: =IFERROR(P161-Q161,"") -> 0.1 | T161: 45878 | U161: MEDIA | V161: 3.8235294 | W161: 3.5294118 | X161: 3.4705882 | Y161: 4.5882353 | Z161: =SUM(V161:Y161) -> 15.411765
A162: 46043 | B162: =IFERROR(_xlfn.ISOWEEKNUM(A162),"") -> 4 | C162: M | D162: TEC-TAC | E162: 90 | F162: PRE-TEMPORADA | H162: 45876 | I162: T | J162: GONZALO | K162: 7 | M162: 45877 | N162: M | O162: RUBIO | P162: 74.6 | Q162: 74.8 | R162: =IFERROR(P162-Q162,"") -> -0.2 | T162: 45880 | U162: HERRERO | V162: 2 | W162: 2 | X162: 2 | Y162: 2 | Z162: =SUM(V162:Y162) -> 8
A163: 46043 | B163: =IFERROR(_xlfn.ISOWEEKNUM(A163),"") -> 4 | C163: T | D163: TEC-TAC | E163: 90 | F163: PRE-TEMPORADA | H163: 45876 | I163: T | J163: HARRISON | K163: 6 | M163: 45877 | N163: T | O163: RUBIO | P163: 74.8 | Q163: 74.8 | R163: =IFERROR(P163-Q163,"") -> 0 | T163: 45880 | U163: GARCIA | V163: 3 | W163: 4 | X163: 4 | Y163: 5 | Z163: =SUM(V163:Y163) -> 16
A164: 46044 | B164: =IFERROR(_xlfn.ISOWEEKNUM(A164),"") -> 4 | C164: M | D164: TEC-TAC | E164: 105 | F164: PRE-TEMPORADA | H164: 45876 | I164: T | J164: HERRERO | K164: 4 | M164: 45877 | N164: M | O164: DANI | P164: 93.8 | Q164: 93.6 | R164: =IFERROR(P164-Q164,"") -> 0.2 | T164: 45880 | U164: OSCAR | V164: 5 | W164: 4 | X164: 4 | Y164: 5 | Z164: =SUM(V164:Y164) -> 18
A165: 46044 | B165: =IFERROR(_xlfn.ISOWEEKNUM(A165),"") -> 4 | C165: T | D165: GYM+FISICO | E165: 105 | F165: PRE-TEMPORADA | H165: 45876 | I165: T | J165: JAIME | K165: 6 | M165: 45877 | N165: T | O165: DANI | P165: 94.3 | Q165: 92.7 | R165: =IFERROR(P165-Q165,"") -> 1.6 | T165: 45880 | U165: CECILIO | V165: 4 | W165: 4 | X165: 4 | Y165: 5 | Z165: =SUM(V165:Y165) -> 17
A166: 46045 | B166: =IFERROR(_xlfn.ISOWEEKNUM(A166),"") -> 4 | C166: M | D166: TEC-TAC | E166: 85 | F166: PRE-TEMPORADA | H166: 45876 | I166: T | J166: JAVI | K166: 8 | M166: 45877 | N166: M | O166: JAIME | P166: 75.6 | Q166: 75 | R166: =IFERROR(P166-Q166,"") -> 0.6 | T166: 45880 | U166: CHAGUINHA | V166: 4 | W166: 4 | X166: 3 | Y166: 5 | Z166: =SUM(V166:Y166) -> 16
A167: 46048 | B167: =IFERROR(_xlfn.ISOWEEKNUM(A167),"") -> 5 | C167: T | D167: TEC-TAC | E167: 120 | F167: PRE-TEMPORADA | H167: 45876 | I167: T | J167: OSCAR | K167: 5 | M167: 45880 | N167: T | O167: HERRERO | P167: 76.9 | Q167: 76.5 | R167: =IFERROR(P167-Q167,"") -> 0.4 | T167: 45880 | U167: RAUL | V167: 5 | W167: 5 | X167: 5 | Y167: 5 | Z167: =SUM(V167:Y167) -> 20
A168: 46049 | B168: =IFERROR(_xlfn.ISOWEEKNUM(A168),"") -> 5 | C168: M | D168: GYM+FISICO | E168: 105 | F168: PRE-TEMPORADA | H168: 45876 | I168: T | J168: PANI | K168: 7 | M168: 45880 | N168: T | O168: GARCIA | P168: 79.3 | Q168: 78.4 | R168: =IFERROR(P168-Q168,"") -> 0.9 | T168: 45880 | U168: HARRISON | V168: 3 | W168: 4 | X168: 5 | Y168: 5 | Z168: =SUM(V168:Y168) -> 17
... A172: 46052 | B172: =IFERROR(_xlfn.ISOWEEKNUM(A172),"") -> 5 | C172: T | D172: PARTIDO | E172: 120 | F172: PRE-TEMPORADA | H172: 45876 | I172: T | J172: RUBIO | K172: 7 | M172: 45880 | N172: T | O172: RAUL | P172: 79.5 | Q172: 79 | R172: =IFERROR(P172-Q172,"") -> 0.5 | T172: 45880 | U172: PIRATA | V172: 4 | W172: 4 | X172: 5 | Y172: 5 | Z172: =SUM(V172:Y172) -> 18
A173: 46055 | B173: =IFERROR(_xlfn.ISOWEEKNUM(A173),"") -> 6 | C173: M | D173: GYM+FISICO | E173: 90 | F173: PRE-TEMPORADA | H173: 45877 | I173: M | J173: BARONA | K173: L | M173: 45880 | N173: T | O173: HARRISON | P173: 71.3 | Q173: 71.2 | R173: =IFERROR(P173-Q173,"") -> 0.1 | T173: 45880 | U173: BARONA | V173: 4 | W173: 5 | X173: 1 | Y173: 2 | Z173: =SUM(V173:Y173) -> 12
...

Sheet PESO SEMANA
A1: VISTA SEMANAL DE PESO
A2: Nº SEMANA → | B2: =IFERROR(_xlfn.ISOWEEKNUM(B3),"") -> 36 | C2: AÑO → | D2: =IFERROR(YEAR(B3),"") -> 2025 | E2: 💡 Selecciona el LUNES en B3 desde la lista desplegable · El nº de semana y el año se actualizan automáticamente · Los datos se leen de la hoja INPUT
A3: LUNES → | B3: 45901
D4: ="LUNES "&TEXT($B$3+0,"dd-mm-yyyy") -> LUNES 01-09-yyyy | G4: ="MARTES "&TEXT($B$3+1,"dd-mm-yyyy") -> MARTES 02-09-yyyy | J4: ="MIÉRCOLES "&TEXT($B$3+2,"dd-mm-yyyy") -> MIÉRCOLES 03-09-yyyy | M4: ="JUEVES "&TEXT($B$3+3,"dd-mm-yyyy") -> JUEVES 04-09-yyyy | P4: ="VIERNES "&TEXT($B$3+4,"dd-mm-yyyy") -> VIERNES 05-09-yyyy | S4: ="SÁBADO "&TEXT($B$3+5,"dd-mm-yyyy") -> SÁBADO 06-09-yyyy | V4: ="DOMINGO "&TEXT($B$3+6,"dd-mm-yyyy") -> DOMINGO 07-09-yyyy
A5: Nº | B5: JUGADOR | C5: TURNO | D5: PRE | E5: POST | F5: DIF | G5: PRE | H5: POST | I5: DIF | J5: PRE | K5: POST | L5: DIF | M5: PRE | N5: POST | O5: DIF | P5: PRE | Q5: POST | R5: DIF | S5: PRE | T5: POST | U5: DIF | V5: PRE | W5: POST | X5: DIF
A6: 1 | B6: HERRERO | C6: M | D6: {=IFERROR(IF(SUMPRODUCT((INPUT!$M$3:$M$1000=$B$3+0)*(INPUT!$N$3:$N$1000="M")*(INPUT!$O$3:$O$1000="HERRERO"))=0,"",SUMPRODUCT((INPUT!$M$3:$M$1000=$B$3+0)*(INPUT!$N$3:$N$1000="M")*(INPUT!$O$3:$O$1000="HERRERO")*INPUT!$P$3:$P$1000)),"")} | E6: {=IFERROR(IF(SUMPRODUCT((INPUT!$M$3:$M$1000=$B$3+0)*(INPUT!$N$3:$N$1000="M")*(INPUT!$O$3:$O$1000="HERRERO"))=0,"",SUMPRODUCT((INPUT!$M$3:$M$1000=$B$3+0)*(INPUT!$N$3:$N$1000="M")*(INPUT!$O$3:$O$1000="HERRERO")*INPUT!$Q$3:$Q$1000)),"")} | F6: =IFERROR(IF(OR(D6="",E6=""),"",D6-E6),"") | G6: {=IFERROR(IF(SUMPRODUCT((INPUT!$M$3:$M$1000=$B$3+1)*(INPUT!$N$3:$N$1000="M")*(INPUT!$O$3:$O$1000="HERRERO"))=0,"",SUMPRODUCT((INPUT!$M$3:$M$1000=$B$3+1)*(INPUT!$N$3:$N$1000="M")*(INPUT!$O$3:$O$1000="HERRERO")*INPUT!$P$3:$P$1000)),"")} -> 76.8 | H6: {=IFERROR(IF(SUMPRODUCT((INPUT!$M$3:$M$1000=$B$3+1)*(INPUT!$N$3:$N$1000="M")*(INPUT!$O$3:$O$1000="HERRERO"))=0,"",SUMPRODUCT((INPUT!$M$3:$M$1000=$B$3+1)*(INPUT!$N$3:$N$1000="M")*(INPUT!$O$3:$O$1000="HERRERO")*INPUT!$Q$3:$Q$1000)),"")} -> 76 | I6: =IFERROR(IF(OR(G6="",H6=""),"",G6-H6),"") -> 0.8 | J6: {=IFERROR(IF(SUMPRODUCT((INPUT!$M$3:$M$1000=$B$3+2)*(INPUT!$N$3:$N$1000="M")*(INPUT!$O$3:$O$1000="HERRERO"))=0,"",SUMPRODUCT((INPUT!$M$3:$M$1000=$B$3+2)*(INPUT!$N$3:$N$1000="M")*(INPUT!$O$3:$O$1000="HERRERO")*INPUT!$P$3:$P$1000)),"")} -> 76.8 | K6: {=IFERROR(IF(SUMPRODUCT((INPUT!$M$3:$M$1000=$B$3+2)*(INPUT!$N$3:$N$1000="M")*(INPUT!$O$3:$O$1000="HERRERO"))=0,"",SUMPRODUCT((INPUT!$M$3:$M$1000=$B$3+2)*(INPUT!$N$3:$N$1000="M")*(INPUT!$O$3:$O$1000="HERRERO")*INPUT!$Q$3:$Q$1000)),"")} -> 76 | L6: =IFERROR(IF(OR(J6="",K6=""),"",J6-K6),"") -> 0.8 | M6: {=IFERROR(IF(SUMPRODUCT((INPUT!$M$3:$M$1000=$B$3+3)*(INPUT!$N$3:$N$1000="M")*(INPUT!$O$3:$O$1000="HERRERO"))=0,"",SUMPRODUCT((INPUT!$M$3:$M$1000=$B$3+3)*(INPUT!$N$3:$N$1000="M")*(INPUT!$O$3:$O$1000="HERRERO")*INPUT!$P$3:$P$1000)),"")} -> 76.8 | N6: {=IFERROR(IF(SUMPRODUCT((INPUT!$M$3:$M$1000=$B$3+3)*(INPUT!$N$3:$N$1000="M")*(INPUT!$O$3:$O$1000="HERRERO"))=0,"",SUMPRODUCT((INPUT!$M$3:$M$1000=$B$3+3)*(INPUT!$N$3:$N$1000="M")*(INPUT!$O$3:$O$1000="HERRERO")*INPUT!$Q$3:$Q$1000)),"")} -> 76 | O6: =IFERROR(IF(OR(M6="",N6=""),"",M6-N6),"") -> 0.8 | P6: {=IFERROR(IF(SUMPRODUCT((INPUT!$M$3:$M$1000=$B$3+4)*(INPUT!$N$3:$N$1000="M")*(INPUT!$O$3:$O$1000="HERRERO"))=0,"",SUMPRODUCT((INPUT!$M$3:$M$1000=$B$3+4)*(INPUT!$N$3:$N$1000="M")*(INPUT!$O$3:$O$1000="HERRERO")*INPUT!$P$3:$P$1000)),"")} -> 76.8 | Q6: {=IFERROR(IF(SUMPRODUCT((INPUT!$M$3:$M$1000=$B$3+4)*(INPUT!$N$3:$N$1000="M")*(INPUT!$O$3:$O$1000="HERRERO"))=0,"",SUMPRODUCT((INPUT!$M$3:$M$1000=$B$3+4)*(INPUT!$N$3:$N$1000="M")*(INPUT!$O$3:$O$1000="HERRERO")*INPUT!$Q$3:$Q$1000)),"")} -> 76 | R6: =IFERROR(IF(OR(P6="",Q6=""),"",P6-Q6),"") -> 0.8 | S6: {=IFERROR(IF(SUMPRODUCT((INPUT!$M$3:$M$1000=$B$3+5)*(INPUT!$N$3:$N$1000="M")*(INPUT!$O$3:$O$1000="HERRERO"))=0,"",SUMPRODUCT((INPUT!$M$3:$M$1000=$B$3+5)*(INPUT!$N$3:$N$1000="M")*(INPUT!$O$3:$O$1000="HERRERO")*INPUT!$P$3:$P$1000)),"")} | T6: {=IFERROR(IF(SUMPRODUCT((INPUT!$M$3:$M$1000=$B$3+5)*(INPUT!$N$3:$N$1000="M")*(INPUT!$O$3:$O$1000="HERRERO"))=0,"",SUMPRODUCT((INPUT!$M$3:$M$1000=$B$3+5)*(INPUT!$N$3:$N$1000="M")*(INPUT!$O$3:$O$1000="HERRERO")*INPUT!$Q$3:$Q$1000)),"")} | U6: =IFERROR(IF(OR(S6="",T6=""),"",S6-T6),"") | V6: {=IFERROR(IF(SUMPRODUCT((INPUT!$M$3:$M$1000=$B$3+6)*(INPUT!$N$3:$N$1000="M")*(INPUT!$O$3:$O$1000="HERRERO"))=0,"",SUMPRODUCT((INPUT!$M$3:$M$1000=$B$3+6)*(INPUT!$N$3:$N$1000="M")*(INPUT!$O$3:$O$1000="HERRERO")*INPUT!$P$3:$P$1000)),"")} | W6: {=IFERROR(IF(SUMPRODUCT((INPUT!$M$3:$M$1000=$B$3+6)*(INPUT!$N$3:$N$1000="M")*(INPUT!$O$3:$O$1000="HERRERO"))=0,"",SUMPRODUCT((INPUT!$M$3:$M$1000=$B$3+6)*(INPUT!$N$3:$N$1000="M")*(INPUT!$O$3:$O$1000="HERRERO")*INPUT!$Q$3:$Q$1000)),"")} | X6: =IFERROR(IF(OR(V6="",W6=""),"",V6-W6),"")
C7: T | D7: {=IFERROR(IF(SUMPRODUCT((INPUT!$M$3:$M$1000=$B$3+0)*(INPUT!$N$3:$N$1000="T")*(INPUT!$O$3:$O$1000="HERRERO"))=0,"",SUMPRODUCT((INPUT!$M$3:$M$1000=$B$3+0)*(INPUT!$N$3:$N$1000="T")*(INPUT!$O$3:$O$1000="HERRERO")*INPUT!$P$3:$P$1000)),"")} | E7: {=IFERROR(IF(SUMPRODUCT((INPUT!$M$3:$M$1000=$B$3+0)*(INPUT!$N$3:$N$1000="T")*(INPUT!$O$3:$O$1000="HERRERO"))=0,"",SUMPRODUCT((INPUT!$M$3:$M$1000=$B$3+0)*(INPUT!$N$3:$N$1000="T")*(INPUT!$O$3:$O$1000="HERRERO")*INPUT!$Q$3:$Q$1000)),"")} | F7: =IFERROR(IF(OR(D7="",E7=""),"",D7-E7),"") | G7: {=IFERROR(IF(SUMPRODUCT((INPUT!$M$3:$M$1000=$B$3+1)*(INPUT!$N$3:$N$1000="T")*(INPUT!$O$3:$O$1000="HERRERO"))=0,"",SUMPRODUCT((INPUT!$M$3:$M$1000=$B$3+1)*(INPUT!$N$3:$N$1000="T")*(INPUT!$O$3:$O$1000="HERRERO")*INPUT!$P$3:$P$1000)),"")} | H7: {=IFERROR(IF(SUMPRODUCT((INPUT!$M$3:$M$1000=$B$3+1)*(INPUT!$N$3:$N$1000="T")*(INPUT!$O$3:$O$1000="HERRERO"))=0,"",SUMPRODUCT((INPUT!$M$3:$M$1000=$B$3+1)*(INPUT!$N$3:$N$1000="T")*(INPUT!$O$3:$O$1000="HERRERO")*INPUT!$Q$3:$Q$1000)),"")} | I7: =IFERROR(IF(OR(G7="",H7=""),"",G7-H7),"") | J7: {=IFERROR(IF(SUMPRODUCT((INPUT!$M$3:$M$1000=$B$3+2)*(INPUT!$N$3:$N$1000="T")*(INPUT!$O$3:$O$1000="HERRERO"))=0,"",SUMPRODUCT((INPUT!$M$3:$M$1000=$B$3+2)*(INPUT!$N$3:$N$1000="T")*(INPUT!$O$3:$O$1000="HERRERO")*INPUT!$P$3:$P$1000)),"")} | K7: {=IFERROR(IF(SUMPRODUCT((INPUT!$M$3:$M$1000=$B$3+2)*(INPUT!$N$3:$N$1000="T")*(INPUT!$O$3:$O$1000="HERRERO"))=0,"",SUMPRODUCT((INPUT!$M$3:$M$1000=$B$3+2)*(INPUT!$N$3:$N$1000="T")*(INPUT!$O$3:$O$1000="HERRERO")*INPUT!$Q$3:$Q$1000)),"")} | L7: =IFERROR(IF(OR(J7="",K7=""),"",J7-K7),"") | M7: {=IFERROR(IF(SUMPRODUCT((INPUT!$M$3:$M$1000=$B$3+3)*(INPUT!$N$3:$N$1000="T")*(INPUT!$O$3:$O$1000="HERRERO"))=0,"",SUMPRODUCT((INPUT!$M$3:$M$1000=$B$3+3)*(INPUT!$N$3:$N$1000="T")*(INPUT!$O$3:$O$1000="HERRERO")*INPUT!$P$3:$P$1000)),"")} | N7: {=IFERROR(IF(SUMPRODUCT((INPUT!$M$3:$M$1000=$B$3+3)*(INPUT!$N$3:$N$1000="T")*(INPUT!$O$3:$O$1000="HERRERO"))=0,"",SUMPRODUCT((INPUT!$M$3:$M$1000=$B$3+3)*(INPUT!$N$3:$N$1000="T")*(INPUT!$O$3:$O$1000="HERRERO")*INPUT!$Q$3:$Q$1000)),"")} | O7: =IFERROR(IF(OR(M7="",N7=""),"",M7-N7),"") | P7: {=IFERROR(IF(SUMPRODUCT((INPUT!$M$3:$M$1000=$B$3+4)*(INPUT!$N$3:$N$1000="T")*(INPUT!$O$3:$O$1000="HERRERO"))=0,"",SUMPRODUCT((INPUT!$M$3:$M$1000=$B$3+4)*(INPUT!$N$3:$N$1000="T")*(INPUT!$O$3:$O$1000="HERRERO")*INPUT!$P$3:$P$1000)),"")} | Q7: {=IFERROR(IF(SUMPRODUCT((INPUT!$M$3:$M$1000=$B$3+4)*(INPUT!$N$3:$N$1000="T")*(INPUT!$O$3:$O$1000="HERRERO"))=0,"",SUMPRODUCT((INPUT!$M$3:$M$1000=$B$3+4)*(INPUT!$N$3:$N$1000="T")*(INPUT!$O$3:$O$1000="HERRERO")*INPUT!$Q$3:$Q$1000)),"")} | R7: =IFERROR(IF(OR(P7="",Q7=""),"",P7-Q7),"") | S7: {=IFERROR(IF(SUMPRODUCT((INPUT!$M$3:$M$1000=$B$3+5)*(INPUT!$N$3:$N$1000="T")*(INPUT!$O$3:$O$1000="HERRERO"))=0,"",SUMPRODUCT((INPUT!$M$3:$M$1000=$B$3+5)*(INPUT!$N$3:$N$1000="T")*(INPUT!$O$3:$O$1000="HERRERO")*INPUT!$P$3:$P$1000)),"")} -> 77 | T7: {=IFERROR(IF(SUMPRODUCT((INPUT!$M$3:$M$1000=$B$3+5)*(INPUT!$N$3:$N$1000="T")*(INPUT!$O$3:$O$1000="HERRERO"))=0,"",SUMPRODUCT((INPUT!$M$3:$M$1000=$B$3+5)*(INPUT!$N$3:$N$1000="T")*(INPUT!$O$3:$O$1000="HERRERO")*INPUT!$Q$3:$Q$1000)),"")} -> 75.5 | U7: =IFERROR(IF(OR(S7="",T7=""),"",S7-T7),"") -> 1.5 | V7: {=IFERROR(IF(SUMPRODUCT((INPUT!$M$3:$M$1000=$B$3+6)*(INPUT!$N$3:$N$1000="T")*(INPUT!$O$3:$O$1000="HERRERO"))=0,"",SUMPRODUCT((INPUT!$M$3:$M$1000=$B$3+6)*(INPUT!$N$3:$N$1000="T")*(INPUT!$O$3:$O$1000="HERRERO")*INPUT!$P$3:$P$1000)),"")} | W7: {=IFERROR(IF(SUMPRODUCT((INPUT!$M$3:$M$1000=$B$3+6)*(INPUT!$N$3:$N$1000="T")*(INPUT!$O$3:$O$1000="HERRERO"))=0,"",SUMPRODUCT((INPUT!$M$3:$M$1000=$B$3+6)*(INPUT!$N$3:$N$1000="T")*(INPUT!$O$3:$O$1000="HERRERO")*INPUT!$Q$3:$Q$1000)),"")} | X7: =IFERROR(IF(OR(V7="",W7=""),"",V7-W7),"")
A8: 2 | B8: GARCIA | C8: M | D8: {=IFERROR(IF(SUMPRODUCT((INPUT!$M$3:$M$1000=$B$3+0)*(INPUT!$N$3:$N$1000="M")*(INPUT!$O$3:$O$1000="GARCIA"))=0,"",SUMPRODUCT((INPUT!$M$3:$M$1000=$B$3+0)*(INPUT!$N$3:$N$1000="M")*(INPUT!$O$3:$O$1000="GARCIA")*INPUT!$P$3:$P$1000)),"")} | E8: {=IFERROR(IF(SUMPRODUCT((INPUT!$M$3:$M$1000=$B$3+0)*(INPUT!$N$3:$N$1000="M")*(INPUT!$O$3:$O$1000="GARCIA"))=0,"",SUMPRODUCT((INPUT!$M$3:$M$1000=$B$3+0)*(INPUT!$N$3:$N$1000="M")*(INPUT!$O$3:$O$1000="GARCIA")*INPUT!$Q$3:$Q$1000)),"")} | F8: =IFERROR(IF(OR(D8="",E8=""),"",D8-E8),"") | G8: {=IFERROR(IF(SUMPRODUCT((INPUT!$M$3:$M$1000=$B$3+1)*(INPUT!$N$3:$N$1000="M")*(INPUT!$O$3:$O$1000="GARCIA"))=0,"",SUMPRODUCT((INPUT!$M$3:$M$1000=$B$3+1)*(INPUT!$N$3:$N$1000="M")*(INPUT!$O$3:$O$1000="GARCIA")*INPUT!$P$3:$P$1000)),"")} -> 79 | H8: {=IFERROR(IF(SUMPRODUCT((INPUT!$M$3:$M$1000=$B$3+1)*(INPUT!$N$3:$N$1000="M")*(INPUT!$O$3:$O$1000="GARCIA"))=0,"",SUMPRODUCT((INPUT!$M$3:$M$1000=$B$3+1)*(INPUT!$N$3:$N$1000="M")*(INPUT!$O$3:$O$1000="GARCIA")*INPUT!$Q$3:$Q$1000)),"")} -> 78.8 | I8: =IFERROR(IF(OR(G8="",H8=""),"",G8-H8),"") -> 0.2 | J8: {=IFERROR(IF(SUMPRODUCT((INPUT!$M$3:$M$1000=$B$3+2)*(INPUT!$N$3:$N$1000="M")*(INPUT!$O$3:$O$1000="GARCIA"))=0,"",SUMPRODUCT((INPUT!$M$3:$M$1000=$B$3+2)*(INPUT!$N$3:$N$1000="M")*(INPUT!$O$3:$O$1000="GARCIA")*INPUT!$P$3:$P$1000)),"")} -> 79.6 | K8: {=IFERROR(IF(SUMPRODUCT((INPUT!$M$3:$M$1000=$B$3+2)*(INPUT!$N$3:$N$1000="M")*(INPUT!$O$3:$O$1000="GARCIA"))=0,"",SUMPRODUCT((INPUT!$M$3:$M$1000=$B$3+2)*(INPUT!$N$3:$N$1000="M")*(INPUT!$O$3:$O$1000="GARCIA")*INPUT!$Q$3:$Q$1000)),"")} -> 79 | L8: =IFERROR(IF(OR(J8="",K8=""),"",J8-K8),"") -> 0.6 | M8: {=IFERROR(IF(SUMPRODUCT((INPUT!$M$3:$M$1000=$B$3+3)*(INPUT!$N$3:$N$1000="M")*(INPUT!$O$3:$O$1000="GARCIA"))=0,"",SUMPRODUCT((INPUT!$M$3:$M$1000=$B$3+3)*(INPUT!$N$3:$N$1000="M")*(INPUT!$O$3:$O$1000="GARCIA")*INPUT!$P$3:$P$1000)),"")} -> 79.6 | N8: {=IFERROR(IF(SUMPRODUCT((INPUT!$M$3:$M$1000=$B$3+3)*(INPUT!$N$3:$N$1000="M")*(INPUT!$O$3:$O$1000="GARCIA"))=0,"",SUMPRODUCT((INPUT!$M$3:$M$1000=$B$3+3)*(INPUT!$N$3:$N$1000="M")*(INPUT!$O$3:$O$1000="GARCIA")*INPUT!$Q$3:$Q$1000)),"")} -> 79 | O8: =IFERROR(IF(OR(M8="",N8=""),"",M8-N8),"") -> 0.6 | P8: {=IFERROR(IF(SUMPRODUCT((INPUT!$M$3:$M$1000=$B$3+4)*(INPUT!$N$3:$N$1000="M")*(INPUT!$O$3:$O$1000="GARCIA"))=0,"",SUMPRODUCT((INPUT!$M$3:$M$1000=$B$3+4)*(INPUT!$N$3:$N$1000="M")*(INPUT!$O$3:$O$1000="GARCIA")*INPUT!$P$3:$P$1000)),"")} -> 79.4 | Q8: {=IFERROR(IF(SUMPRODUCT((INPUT!$M$3:$M$1000=$B$3+4)*(INPUT!$N$3:$N$1000="M")*(INPUT!$O$3:$O$1000="GARCIA"))=0,"",SUMPRODUCT((INPUT!$M$3:$M$1000=$B$3+4)*(INPUT!$N$3:$N$1000="M")*(INPUT!$O$3:$O$1000="GARCIA")*INPUT!$Q$3:$Q$1000)),"")} -> 79 | R8: =IFERROR(IF(OR(P8="",Q8=""),"",P8-Q8),"") -> 0.4 | S8: {=IFERROR(IF(SUMPRODUCT((INPUT!$M$3:$M$1000=$B$3+5)*(INPUT!$N$3:$N$1000="M")*(INPUT!$O$3:$O$1000="GARCIA"))=0,"",SUMPRODUCT((INPUT!$M$3:$M$1000=$B$3+5)*(INPUT!$N$3:$N$1000="M")*(INPUT!$O$3:$O$1000="GARCIA")*INPUT!$P$3:$P$1000)),"")} | T8: {=IFERROR(IF(SUMPRODUCT((INPUT!$M$3:$M$1000=$B$3+5)*(INPUT!$N$3:$N$1000="M")*(INPUT!$O$3:$O$1000="GARCIA"))=0,"",SUMPRODUCT((INPUT!$M$3:$M$1000=$B$3+5)*(INPUT!$N$3:$N$1000="M")*(INPUT!$O$3:$O$1000="GARCIA")*INPUT!$Q$3:$Q$1000)),"")} | U8: =IFERROR(IF(OR(S8="",T8=""),"",S8-T8),"") | V8: {=IFERROR(IF(SUMPRODUCT((INPUT!$M$3:$M$1000=$B$3+6)*(INPUT!$N$3:$N$1000="M")*(INPUT!$O$3:$O$1000="GARCIA"))=0,"",SUMPRODUCT((INPUT!$M$3:$M$1000=$B$3+6)*(INPUT!$N$3:$N$1000="M")*(INPUT!$O$3:$O$1000="GARCIA")*INPUT!$P$3:$P$1000)),"")} | W8: {=IFERROR(IF(SUMPRODUCT((INPUT!$M$3:$M$1000=$B$3+6)*(INPUT!$N$3:$N$1000="M")*(INPUT!$O$3:$O$1000="GARCIA"))=0,"",SUMPRODUCT((INPUT!$M$3:$M$1000=$B$3+6)*(INPUT!$N$3:$N$1000="M")*(INPUT!$O$3:$O$1000="GARCIA")*INPUT!$Q$3:$Q$1000)),"")} | X8: =IFERROR(IF(OR(V8="",W8=""),"",V8-W8),"")
C9: T | D9: {=IFERROR(IF(SUMPRODUCT((INPUT!$M$3:$M$1000=$B$3+0)*(INPUT!$N$3:$N$1000="T")*(INPUT!$O$3:$O$1000="GARCIA"))=0,"",SUMPRODUCT((INPUT!$M$3:$M$1000=$B$3+0)*(INPUT!$N$3:$N$1000="T")*(INPUT!$O$3:$O$1000="GARCIA")*INPUT!$P$3:$P$1000)),"")} | E9: {=IFERROR(IF(SUMPRODUCT((INPUT!$M$3:$M$1000=$B$3+0)*(INPUT!$N$3:$N$1000="T")*(INPUT!$O$3:$O$1000="GARCIA"))=0,"",SUMPRODUCT((INPUT!$M$3:$M$1000=$B$3+0)*(INPUT!$N$3:$N$1000="T")*(INPUT!$O$3:$O$1000="GARCIA")*INPUT!$Q$3:$Q$1000)),"")} | F9: =IFERROR(IF(OR(D9="",E9=""),"",D9-E9),"") | G9: {=IFERROR(IF(SUMPRODUCT((INPUT!$M$3:$M$1000=$B$3+1)*(INPUT!$N$3:$N$1000="T")*(INPUT!$O$3:$O$1000="GARCIA"))=0,"",SUMPRODUCT((INPUT!$M$3:$M$1000=$B$3+1)*(INPUT!$N$3:$N$1000="T")*(INPUT!$O$3:$O$1000="GARCIA")*INPUT!$P$3:$P$1000)),"")} | H9: {=IFERROR(IF(SUMPRODUCT((INPUT!$M$3:$M$1000=$B$3+1)*(INPUT!$N$3:$N$1000="T")*(INPUT!$O$3:$O$1000="GARCIA"))=0,"",SUMPRODUCT((INPUT!$M$3:$M$1000=$B$3+1)*(INPUT!$N$3:$N$1000="T")*(INPUT!$O$3:$O$1000="GARCIA")*INPUT!$Q$3:$Q$1000)),"")} | I9: =IFERROR(IF(OR(G9="",H9=""),"",G9-H9),"") | J9: {=IFERROR(IF(SUMPRODUCT((INPUT!$M$3:$M$1000=$B$3+2)*(INPUT!$N$3:$N$1000="T")*(INPUT!$O$3:$O$1000="GARCIA"))=0,"",SUMPRODUCT((INPUT!$M$3:$M$1000=$B$3+2)*(INPUT!$N$3:$N$1000="T")*(INPUT!$O$3:$O$1000="GARCIA")*INPUT!$P$3:$P$1000)),"")} | K9: {=IFERROR(IF(SUMPRODUCT((INPUT!$M$3:$M$1000=$B$3+2)*(INPUT!$N$3:$N$1000="T")*(INPUT!$O$3:$O$1000="GARCIA"))=0,"",SUMPRODUCT((INPUT!$M$3:$M$1000=$B$3+2)*(INPUT!$N$3:$N$1000="T")*(INPUT!$O$3:$O$1000="GARCIA")*INPUT!$Q$3:$Q$1000)),"")} | L9: =IFERROR(IF(OR(J9="",K9=""),"",J9-K9),"") | M9: {=IFERROR(IF(SUMPRODUCT((INPUT!$M$3:$M$1000=$B$3+3)*(INPUT!$N$3:$N$1000="T")*(INPUT!$O$3:$O$1000="GARCIA"))=0,"",SUMPRODUCT((INPUT!$M$3:$M$1000=$B$3+3)*(INPUT!$N$3:$N$1000="T")*(INPUT!$O$3:$O$1000="GARCIA")*INPUT!$P$3:$P$1000)),"")} | N9: {=IFERROR(IF(SUMPRODUCT((INPUT!$M$3:$M$1000=$B$3+3)*(INPUT!$N$3:$N$1000="T")*(INPUT!$O$3:$O$1000="GARCIA"))=0,"",SUMPRODUCT((INPUT!$M$3:$M$1000=$B$3+3)*(INPUT!$N$3:$N$1000="T")*(INPUT!$O$3:$O$1000="GARCIA")*INPUT!$Q$3:$Q$1000)),"")} | O9: =IFERROR(IF(OR(M9="",N9=""),"",M9-N9),"") | P9: {=IFERROR(IF(SUMPRODUCT((INPUT!$M$3:$M$1000=$B$3+4)*(INPUT!$N$3:$N$1000="T")*(INPUT!$O$3:$O$1000="GARCIA"))=0,"",SUMPRODUCT((INPUT!$M$3:$M$1000=$B$3+4)*(INPUT!$N$3:$N$1000="T")*(INPUT!$O$3:$O$1000="GARCIA")*INPUT!$P$3:$P$1000)),"")} | Q9: {=IFERROR(IF(SUMPRODUCT((INPUT!$M$3:$M$1000=$B$3+4)*(INPUT!$N$3:$N$1000="T")*(INPUT!$O$3:$O$1000="GARCIA"))=0,"",SUMPRODUCT((INPUT!$M$3:$M$1000=$B$3+4)*(INPUT!$N$3:$N$1000="T")*(INPUT!$O$3:$O$1000="GARCIA")*INPUT!$Q$3:$Q$1000)),"")} | R9: =IFERROR(IF(OR(P9="",Q9=""),"",P9-Q9),"") | S9: {=IFERROR(IF(SUMPRODUCT((INPUT!$M$3:$M$1000=$B$3+5)*(INPUT!$N$3:$N$1000="T")*(INPUT!$O$3:$O$1000="GARCIA"))=0,"",SUMPRODUCT((INPUT!$M$3:$M$1000=$B$3+5)*(INPUT!$N$3:$N$1000="T")*(INPUT!$O$3:$O$1000="GARCIA")*INPUT!$P$3:$P$1000)),"")} -> 79.6 | T9: {=IFERROR(IF(SUMPRODUCT((INPUT!$M$3:$M$1000=$B$3+5)*(INPUT!$N$3:$N$1000="T")*(INPUT!$O$3:$O$1000="GARCIA"))=0,"",SUMPRODUCT((INPUT!$M$3:$M$1000=$B$3+5)*(INPUT!$N$3:$N$1000="T")*(INPUT!$O$3:$O$1000="GARCIA")*INPUT!$Q$3:$Q$1000)),"")} -> 79.4 | U9: =IFERROR(IF(OR(S9="",T9=""),"",S9-T9),"") -> 0.2 | V9: {=IFERROR(IF(SUMPRODUCT((INPUT!$M$3:$M$1000=$B$3+6)*(INPUT!$N$3:$N$1000="T")*(INPUT!$O$3:$O$1000="GARCIA"))=0,"",SUMPRODUCT((INPUT!$M$3:$M$1000=$B$3+6)*(INPUT!$N$3:$N$1000="T")*(INPUT!$O$3:$O$1000="GARCIA")*INPUT!$P$3:$P$1000)),"")} | W9: {=IFERROR(IF(SUMPRODUCT((INPUT!$M$3:$M$1000=$B$3+6)*(INPUT!$N$3:$N$1000="T")*(INPUT!$O$3:$O$1000="GARCIA"))=0,"",SUMPRODUCT((INPUT!$M$3:$M$1000=$B$3+6)*(INPUT!$N$3:$N$1000="T")*(INPUT!$O$3:$O$1000="GARCIA")*INPUT!$Q$3:$Q$1000)),"")} | X9: =IFERROR(IF(OR(V9="",W9=""),"",V9-W9),"")
A10: 3 | B10: OSCAR | C10: M | D10: {=IFERROR(IF(SUMPRODUCT((INPUT!$M$3:$M$1000=$B$3+0)*(INPUT!$N$3:$N$1000="M")*(INPUT!$O$3:$O$1000="OSCAR"))=0,"",SUMPRODUCT((INPUT!$M$3:$M$1000=$B$3+0)*(INPUT!$N$3:$N$1000="M")*(INPUT!$O$3:$O$1000="OSCAR")*INPUT!$P$3:$P$1000)),"")} | E10: {=IFERROR(IF(SUMPRODUCT((INPUT!$M$3:$M$1000=$B$3+0)*(INPUT!$N$3:$N$1000="M")*(INPUT!$O$3:$O$1000="OSCAR"))=0,"",SUMPRODUCT((INPUT!$M$3:$M$1000=$B$3+0)*(INPUT!$N$3:$N$1000="M")*(INPUT!$O$3:$O$1000="OSCAR")*INPUT!$Q$3:$Q$1000)),"")} | F10: =IFERROR(IF(OR(D10="",E10=""),"",D10-E10),"") | G10: {=IFERROR(IF(SUMPRODUCT((INPUT!$M$3:$M$1000=$B$3+1)*(INPUT!$N$3:$N$1000="M")*(INPUT!$O$3:$O$1000="OSCAR"))=0,"",SUMPRODUCT((INPUT!$M$3:$M$1000=$B$3+1)*(INPUT!$N$3:$N$1000="M")*(INPUT!$O$3:$O$1000="OSCAR")*INPUT!$P$3:$P$1000)),"")} -> 89 | H10: {=IFERROR(IF(SUMPRODUCT((INPUT!$M$3:$M$1000=$B$3+1)*(INPUT!$N$3:$N$1000="M")*(INPUT!$O$3:$O$1000="OSCAR"))=0,"",SUMPRODUCT((INPUT!$M$3:$M$1000=$B$3+1)*(INPUT!$N$3:$N$1000="M")*(INPUT!$O$3:$O$1000="OSCAR")*INPUT!$Q$3:$Q$1000)),"")} -> 87.4 | I10: =IFERROR(IF(OR(G10="",H10=""),"",G10-H10),"") -> 1.6 | J10: {=IFERROR(IF(SUMPRODUCT((INPUT!$M$3:$M$1000=$B$3+2)*(INPUT!$N$3:$N$1000="M")*(INPUT!$O$3:$O$1000="OSCAR"))=0,"",SUMPRODUCT((INPUT!$M$3:$M$1000=$B$3+2)*(INPUT!$N$3:$N$1000="M")*(INPUT!$O$3:$O$1000="OSCAR")*INPUT!$P$3:$P$1000)),"")} | K10: {=IFERROR(IF(SUMPRODUCT((INPUT!$M$3:$M$1000=$B$3+2)*(INPUT!$N$3:$N$1000="M")*(INPUT!$O$3:$O$1000="OSCAR"))=0,"",SUMPRODUCT((INPUT!$M$3:$M$1000=$B$3+2)*(INPUT!$N$3:$N$1000="M")*(INPUT!$O$3:$O$1000="OSCAR")*INPUT!$Q$3:$Q$1000)),"")} | L10: =IFERROR(IF(OR(J10="",K10=""),"",J10-K10),"") | M10: {=IFERROR(IF(SUMPRODUCT((INPUT!$M$3:$M$1000=$B$3+3)*(INPUT!$N$3:$N$1000="M")*(INPUT!$O$3:$O$1000="OSCAR"))=0,"",SUMPRODUCT((INPUT!$M$3:$M$1000=$B$3+3)*(INPUT!$N$3:$N$1000="M")*(INPUT!$O$3:$O$1000="OSCAR")*INPUT!$P$3:$P$1000)),"")} | N10: {=IFERROR(IF(SUMPRODUCT((INPUT!$M$3:$M$1000=$B$3+3)*(INPUT!$N$3:$N$1000="M")*(INPUT!$O$3:$O$1000="OSCAR"))=0,"",SUMPRODUCT((INPUT!$M$3:$M$1000=$B$3+3)*(INPUT!$N$3:$N$1000="M")*(INPUT!$O$3:$O$1000="OSCAR")*INPUT!$Q$3:$Q$1000)),"")} | O10: =IFERROR(IF(OR(M10="",N10=""),"",M10-N10),"") | P10: {=IFERROR(IF(SUMPRODUCT((INPUT!$M$3:$M$1000=$B$3+4)*(INPUT!$N$3:$N$1000="M")*(INPUT!$O$3:$O$1000="OSCAR"))=0,"",SUMPRODUCT((INPUT!$M$3:$M$1000=$B$3+4)*(INPUT!$N$3:$N$1000="M")*(INPUT!$O$3:$O$1000="OSCAR")*INPUT!$P$3:$P$1000)),"")} | Q10: {=IFERROR(IF(SUMPRODUCT((INPUT!$M$3:$M$1000=$B$3+4)*(INPUT!$N$3:$N$1000="M")*(INPUT!$O$3:$O$1000="OSCAR"))=0,"",SUMPRODUCT((INPUT!$M$3:$M$1000=$B$3+4)*(INPUT!$N$3:$N$1000="M")*(INPUT!$O$3:$O$1000="OSCAR")*INPUT!$Q$3:$Q$1000)),"")} | R10: =IFERROR(IF(OR(P10="",Q10=""),"",P10-Q10),"") | S10: {=IFERROR(IF(SUMPRODUCT((INPUT!$M$3:$M$1000=$B$3+5)*(INPUT!$N$3:$N$1000="M")*(INPUT!$O$3:$O$1000="OSCAR"))=0,"",SUMPRODUCT((INPUT!$M$3:$M$1000=$B$3+5)*(INPUT!$N$3:$N$1000="M")*(INPUT!$O$3:$O$1000="OSCAR")*INPUT!$P$3:$P$1000)),"")} | T10: {=IFERROR(IF(SUMPRODUCT((INPUT!$M$3:$M$1000=$B$3+5)*(INPUT!$N$3:$N$1000="M")*(INPUT!$O$3:$O$1000="OSCAR"))=0,"",SUMPRODUCT((INPUT!$M$3:$M$1000=$B$3+5)*(INPUT!$N$3:$N$1000="M")*(INPUT!$O$3:$O$1000="OSCAR")*INPUT!$Q$3:$Q$1000)),"")} | U10: =IFERROR(IF(OR(S10="",T10=""),"",S10-T10),"") | V10: {=IFERROR(IF(SUMPRODUCT((INPUT!$M$3:$M$1000=$B$3+6)*(INPUT!$N$3:$N$1000="M")*(INPUT!$O$3:$O$1000="OSCAR"))=0,"",SUMPRODUCT((INPUT!$M$3:$M$1000=$B$3+6)*(INPUT!$N$3:$N$1000="M")*(INPUT!$O$3:$O$1000="OSCAR")*INPUT!$P$3:$P$1000)),"")} | W10: {=IFERROR(IF(SUMPRODUCT((INPUT!$M$3:$M$1000=$B$3+6)*(INPUT!$N$3:$N$1000="M")*(INPUT!$O$3:$O$1000="OSCAR"))=0,"",SUMPRODUCT((INPUT!$M$3:$M$1000=$B$3+6)*(INPUT!$N$3:$N$1000="M")*(INPUT!$O$3:$O$1000="OSCAR")*INPUT!$Q$3:$Q$1000)),"")} | X10: =IFERROR(IF(OR(V10="",W10=""),"",V10-W10),"")
C11: T | D11: {=IFERROR(IF(SUMPRODUCT((INPUT!$M$3:$M$1000=$B$3+0)*(INPUT!$N$3:$N$1000="T")*(INPUT!$O$3:$O$1000="OSCAR"))=0,"",SUMPRODUCT((INPUT!$M$3:$M$1000=$B$3+0)*(INPUT!$N$3:$N$1000="T")*(INPUT!$O$3:$O$1000="OSCAR")*INPUT!$P$3:$P$1000)),"")} | E11: {=IFERROR(IF(SUMPRODUCT((INPUT!$M$3:$M$1000=$B$3+0)*(INPUT!$N$3:$N$1000="T")*(INPUT!$O$3:$O$1000="OSCAR"))=0,"",SUMPRODUCT((INPUT!$M$3:$M$1000=$B$3+0)*(INPUT!$N$3:$N$1000="T")*(INPUT!$O$3:$O$1000="OSCAR")*INPUT!$Q$3:$Q$1000)),"")} | F11: =IFERROR(IF(OR(D11="",E11=""),"",D11-E11),"") | G11: {=IFERROR(IF(SUMPRODUCT((INPUT!$M$3:$M$1000=$B$3+1)*(INPUT!$N$3:$N$1000="T")*(INPUT!$O$3:$O$1000="OSCAR"))=0,"",SUMPRODUCT((INPUT!$M$3:$M$1000=$B$3+1)*(INPUT!$N$3:$N$1000="T")*(INPUT!$O$3:$O$1000="OSCAR")*INPUT!$P$3:$P$1000)),"")} | H11: {=IFERROR(IF(SUMPRODUCT((INPUT!$M$3:$M$1000=$B$3+1)*(INPUT!$N$3:$N$1000="T")*(INPUT!$O$3:$O$1000="OSCAR"))=0,"",SUMPRODUCT((INPUT!$M$3:$M$1000=$B$3+1)*(INPUT!$N$3:$N$1000="T")*(INPUT!$O$3:$O$1000="OSCAR")*INPUT!$Q$3:$Q$1000)),"")} | I11: =IFERROR(IF(OR(G11="",H11=""),"",G11-H11),"") | J11: {=IFERROR(IF(SUMPRODUCT((INPUT!$M$3:$M$1000=$B$3+2)*(INPUT!$N$3:$N$1000="T")*(INPUT!$O$3:$O$1000="OSCAR"))=0,"",SUMPRODUCT((INPUT!$M$3:$M$1000=$B$3+2)*(INPUT!$N$3:$N$1000="T")*(INPUT!$O$3:$O$1000="OSCAR")*INPUT!$P$3:$P$1000)),"")} | K11: {=IFERROR(IF(SUMPRODUCT((INPUT!$M$3:$M$1000=$B$3+2)*(INPUT!$N$3:$N$1000="T")*(INPUT!$O$3:$O$1000="OSCAR"))=0,"",SUMPRODUCT((INPUT!$M$3:$M$1000=$B$3+2)*(INPUT!$N$3:$N$1000="T")*(INPUT!$O$3:$O$1000="OSCAR")*INPUT!$Q$3:$Q$1000)),"")} | L11: =IFERROR(IF(OR(J11="",K11=""),"",J11-K11),"") | M11: {=IFERROR(IF(SUMPRODUCT((INPUT!$M$3:$M$1000=$B$3+3)*(INPUT!$N$3:$N$1000="T")*(INPUT!$O$3:$O$1000="OSCAR"))=0,"",SUMPRODUCT((INPUT!$M$3:$M$1000=$B$3+3)*(INPUT!$N$3:$N$1000="T")*(INPUT!$O$3:$O$1000="OSCAR")*INPUT!$P$3:$P$1000)),"")} | N11: {=IFERROR(IF(SUMPRODUCT((INPUT!$M$3:$M$1000=$B$3+3)*(INPUT!$N$3:$N$1000="T")*(INPUT!$O$3:$O$1000="OSCAR"))=0,"",SUMPRODUCT((INPUT!$M$3:$M$1000=$B$3+3)*(INPUT!$N$3:$N$1000="T")*(INPUT!$O$3:$O$1000="OSCAR")*INPUT!$Q$3:$Q$1000)),"")} | O11: =IFERROR(IF(OR(M11="",N11=""),"",M11-N11),"") | P11: {=IFERROR(IF(SUMPRODUCT((INPUT!$M$3:$M$1000=$B$3+4)*(INPUT!$N$3:$N$1000="T")*(INPUT!$O$3:$O$1000="OSCAR"))=0,"",SUMPRODUCT((INPUT!$M$3:$M$1000=$B$3+4)*(INPUT!$N$3:$N$1000="T")*(INPUT!$O$3:$O$1000="OSCAR")*INPUT!$P$3:$P$1000)),"")} | Q11: {=IFERROR(IF(SUMPRODUCT((INPUT!$M$3:$M$1000=$B$3+4)*(INPUT!$N$3:$N$1000="T")*(INPUT!$O$3:$O$1000="OSCAR"))=0,"",SUMPRODUCT((INPUT!$M$3:$M$1000=$B$3+4)*(INPUT!$N$3:$N$1000="T")*(INPUT!$O$3:$O$1000="OSCAR")*INPUT!$Q$3:$Q$1000)),"")} | R11: =IFERROR(IF(OR(P11="",Q11=""),"",P11-Q11),"") | S11: {=IFERROR(IF(SUMPRODUCT((INPUT!$M$3:$M$1000=$B$3+5)*(INPUT!$N$3:$N$1000="T")*(INPUT!$O$3:$O$1000="OSCAR"))=0,"",SUMPRODUCT((INPUT!$M$3:$M$1000=$B$3+5)*(INPUT!$N$3:$N$1000="T")*(INPUT!$O$3:$O$1000="OSCAR")*INPUT!$P$3:$P$1000)),"")} | T11: {=IFERROR(IF(SUMPRODUCT((INPUT!$M$3:$M$1000=$B$3+5)*(INPUT!$N$3:$N$1000="T")*(INPUT!$O$3:$O$1000="OSCAR"))=0,"",SUMPRODUCT((INPUT!$M$3:$M$1000=$B$3+5)*(INPUT!$N$3:$N$1000="T")*(INPUT!$O$3:$O$1000="OSCAR")*INPUT!$Q$3:$Q$1000)),"")} | U11: =IFERROR(IF(OR(S11="",T11=""),"",S11-T11),"") | V11: {=IFERROR(IF(SUMPRODUCT((INPUT!$M$3:$M$1000=$B$3+6)*(INPUT!$N$3:$N$1000="T")*(INPUT!$O$3:$O$1000="OSCAR"))=0,"",SUMPRODUCT((INPUT!$M$3:$M$1000=$B$3+6)*(INPUT!$N$3:$N$1000="T")*(INPUT!$O$3:$O$1000="OSCAR")*INPUT!$P$3:$P$1000)),"")} | W11: {=IFERROR(IF(SUMPRODUCT((INPUT!$M$3:$M$1000=$B$3+6)*(INPUT!$N$3:$N$1000="T")*(INPUT!$O$3:$O$1000="OSCAR"))=0,"",SUMPRODUCT((INPUT!$M$3:$M$1000=$B$3+6)*(INPUT!$N$3:$N$1000="T")*(INPUT!$O$3:$O$1000="OSCAR")*INPUT!$Q$3:$Q$1000)),"")} | X11: =IFERROR(IF(OR(V11="",W11=""),"",V11-W11),"")
A12: 4 | B12: CECILIO | C12: M | D12: {=IFERROR(IF(SUMPRODUCT((INPUT!$M$3:$M$1000=$B$3+0)*(INPUT!$N$3:$N$1000="M")*(INPUT!$O$3:$O$1000="CECILIO"))=0,"",SUMPRODUCT((INPUT!$M$3:$M$1000=$B$3+0)*(INPUT!$N$3:$N$1000="M")*(INPUT!$O$3:$O$1000="CECILIO")*INPUT!$P$3:$P$1000)),"")} | E12: {=IFERROR(IF(SUMPRODUCT((INPUT!$M$3:$M$1000=$B$3+0)*(INPUT!$N$3:$N$1000="M")*(INPUT!$O$3:$O$1000="CECILIO"))=0,"",SUMPRODUCT((INPUT!$M$3:$M$1000=$B$3+0)*(INPUT!$N$3:$N$1000="M")*(INPUT!$O$3:$O$1000="CECILIO")*INPUT!$Q$3:$Q$1000)),"")} | F12: =IFERROR(IF(OR(D12="",E12=""),"",D12-E12),"") | G12: {=IFERROR(IF(SUMPRODUCT((INPUT!$M$3:$M$1000=$B$3+1)*(INPUT!$N$3:$N$1000="M")*(INPUT!$O$3:$O$1000="CECILIO"))=0,"",SUMPRODUCT((INPUT!$M$3:$M$1000=$B$3+1)*(INPUT!$N$3:$N$1000="M")*(INPUT!$O$3:$O$1000="CECILIO")*INPUT!$P$3:$P$1000)),"")} -> 68.2 | H12: {=IFERROR(IF(SUMPRODUCT((INPUT!$M$3:$M$1000=$B$3+1)*(INPUT!$N$3:$N$1000="M")*(INPUT!$O$3:$O$1000="CECILIO"))=0,"",SUMPRODUCT((INPUT!$M$3:$M$1000=$B$3+1)*(INPUT!$N$3:$N$1000="M")*(INPUT!$O$3:$O$1000="CECILIO")*INPUT!$Q$3:$Q$1000)),"")} -> 67.8 | I12: =IFERROR(IF(OR(G12="",H12=""),"",G12-H12),"") -> 0.4 | J12: {=IFERROR(IF(SUMPRODUCT((INPUT!$M$3:$M$1000=$B$3+2)*(INPUT!$N$3:$N$1000="M")*(INPUT!$O$3:$O$1000="CECILIO"))=0,"",SUMPRODUCT((INPUT!$M$3:$M$1000=$B$3+2)*(INPUT!$N$3:$N$1000="M")*(INPUT!$O$3:$O$1000="CECILIO")*INPUT!$P$3:$P$1000)),"")} -> 68 | K12: {=IFERROR(IF(SUMPRODUCT((INPUT!$M$3:$M$1000=$B$3+2)*(INPUT!$N$3:$N$1000="M")*(INPUT!$O$3:$O$1000="CECILIO"))=0,"",SUMPRODUCT((INPUT!$M$3:$M$1000=$B$3+2)*(INPUT!$N$3:$N$1000="M")*(INPUT!$O$3:$O$1000="CECILIO")*INPUT!$Q$3:$Q$1000)),"")} -> 67.2 | L12: =IFERROR(IF(OR(J12="",K12=""),"",J12-K12),"") -> 0.8 | M12: {=IFERROR(IF(SUMPRODUCT((INPUT!$M$3:$M$1000=$B$3+3)*(INPUT!$N$3:$N$1000="M")*(INPUT!$O$3:$O$1000="CECILIO"))=0,"",SUMPRODUCT((INPUT!$M$3:$M$1000=$B$3+3)*(INPUT!$N$3:$N$1000="M")*(INPUT!$O$3:$O$1000="CECILIO")*INPUT!$P$3:$P$1000)),"")} -> 68 | N12: {=IFERROR(IF(SUMPRODUCT((INPUT!$M$3:$M$1000=$B$3+3)*(INPUT!$N$3:$N$1000="M")*(INPUT!$O$3:$O$1000="CECILIO"))=0,"",SUMPRODUCT((INPUT!$M$3:$M$1000=$B$3+3)*(INPUT!$N$3:$N$1000="M")*(INPUT!$O$3:$O$1000="CECILIO")*INPUT!$Q$3:$Q$1000)),"")} -> 67.2 | O12: =IFERROR(IF(OR(M12="",N12=""),"",M12-N12),"") -> 0.8 | P12: {=IFERROR(IF(SUMPRODUCT((INPUT!$M$3:$M$1000=$B$3+4)*(INPUT!$N$3:$N$1000="M")*(INPUT!$O$3:$O$1000="CECILIO"))=0,"",SUMPRODUCT((INPUT!$M$3:$M$1000=$B$3+4)*(INPUT!$N$3:$N$1000="M")*(INPUT!$O$3:$O$1000="CECILIO")*INPUT!$P$3:$P$1000)),"")} -> 68.5 | Q12: {=IFERROR(IF(SUMPRODUCT((INPUT!$M$3:$M$1000=$B$3+4)*(INPUT!$N$3:$N$1000="M")*(INPUT!$O$3:$O$1000="CECILIO"))=0,"",SUMPRODUCT((INPUT!$M$3:$M$1000=$B$3+4)*(INPUT!$N$3:$N$1000="M")*(INPUT!$O$3:$O$1000="CECILIO")*INPUT!$Q$3:$Q$1000)),"")} -> 68.1 | R12: =IFERROR(IF(OR(P12="",Q12=""),"",P12-Q12),"") -> 0.4 | S12: {=IFERROR(IF(SUMPRODUCT((INPUT!$M$3:$M$1000=$B$3+5)*(INPUT!$N$3:$N$1000="M")*(INPUT!$O$3:$O$1000="CECILIO"))=0,"",SUMPRODUCT((INPUT!$M$3:$M$1000=$B$3+5)*(INPUT!$N$3:$N$1000="M")*(INPUT!$O$3:$O$1000="CECILIO")*INPUT!$P$3:$P$1000)),"")} | T12: {=IFERROR(IF(SUMPRODUCT((INPUT!$M$3:$M$1000=$B$3+5)*(INPUT!$N$3:$N$1000="M")*(INPUT!$O$3:$O$1000="CECILIO"))=0,"",SUMPRODUCT((INPUT!$M$3:$M$1000=$B$3+5)*(INPUT!$N$3:$N$1000="M")*(INPUT!$O$3:$O$1000="CECILIO")*INPUT!$Q$3:$Q$1000)),"")} | U12: =IFERROR(IF(OR(S12="",T12=""),"",S12-T12),"") | V12: {=IFERROR(IF(SUMPRODUCT((INPUT!$M$3:$M$1000=$B$3+6)*(INPUT!$N$3:$N$1000="M")*(INPUT!$O$3:$O$1000="CECILIO"))=0,"",SUMPRODUCT((INPUT!$M$3:$M$1000=$B$3+6)*(INPUT!$N$3:$N$1000="M")*(INPUT!$O$3:$O$1000="CECILIO")*INPUT!$P$3:$P$1000)),"")} | W12: {=IFERROR(IF(SUMPRODUCT((INPUT!$M$3:$M$1000=$B$3+6)*(INPUT!$N$3:$N$1000="M")*(INPUT!$O$3:$O$1000="CECILIO"))=0,"",SUMPRODUCT((INPUT!$M$3:$M$1000=$B$3+6)*(INPUT!$N$3:$N$1000="M")*(INPUT!$O$3:$O$1000="CECILIO")*INPUT!$Q$3:$Q$1000)),"")} | X12: =IFERROR(IF(OR(V12="",W12=""),"",V12-W12),"")
C13: T | D13: {=IFERROR(IF(SUMPRODUCT((INPUT!$M$3:$M$1000=$B$3+0)*(INPUT!$N$3:$N$1000="T")*(INPUT!$O$3:$O$1000="CECILIO"))=0,"",SUMPRODUCT((INPUT!$M$3:$M$1000=$B$3+0)*(INPUT!$N$3:$N$1000="T")*(INPUT!$O$3:$O$1000="CECILIO")*INPUT!$P$3:$P$1000)),"")} | E13: {=IFERROR(IF(SUMPRODUCT((INPUT!$M$3:$M$1000=$B$3+0)*(INPUT!$N$3:$N$1000="T")*(INPUT!$O$3:$O$1000="CECILIO"))=0,"",SUMPRODUCT((INPUT!$M$3:$M$1000=$B$3+0)*(INPUT!$N$3:$N$1000="T")*(INPUT!$O$3:$O$1000="CECILIO")*INPUT!$Q$3:$Q$1000)),"")} | F13: =IFERROR(IF(OR(D13="",E13=""),"",D13-E13),"") | G13: {=IFERROR(IF(SUMPRODUCT((INPUT!$M$3:$M$1000=$B$3+1)*(INPUT!$N$3:$N$1000="T")*(INPUT!$O$3:$O$1000="CECILIO"))=0,"",SUMPRODUCT((INPUT!$M$3:$M$1000=$B$3+1)*(INPUT!$N$3:$N$1000="T")*(INPUT!$O$3:$O$1000="CECILIO")*INPUT!$P$3:$P$1000)),"")} | H13: {=IFERROR(IF(SUMPRODUCT((INPUT!$M$3:$M$1000=$B$3+1)*(INPUT!$N$3:$N$1000="T")*(INPUT!$O$3:$O$1000="CECILIO"))=0,"",SUMPRODUCT((INPUT!$M$3:$M$1000=$B$3+1)*(INPUT!$N$3:$N$1000="T")*(INPUT!$O$3:$O$1000="CECILIO")*INPUT!$Q$3:$Q$1000)),"")} | I13: =IFERROR(IF(OR(G13="",H13=""),"",G13-H13),"") | J13: {=IFERROR(IF(SUMPRODUCT((INPUT!$M$3:$M$1000=$B$3+2)*(INPUT!$N$3:$N$1000="T")*(INPUT!$O$3:$O$1000="CECILIO"))=0,"",SUMPRODUCT((INPUT!$M$3:$M$1000=$B$3+2)*(INPUT!$N$3:$N$1000="T")*(INPUT!$O$3:$O$1000="CECILIO")*INPUT!$P$3:$P$1000)),"")} | K13: {=IFERROR(IF(SUMPRODUCT((INPUT!$M$3:$M$1000=$B$3+2)*(INPUT!$N$3:$N$1000="T")*(INPUT!$O$3:$O$1000="CECILIO"))=0,"",SUMPRODUCT((INPUT!$M$3:$M$1000=$B$3+2)*(INPUT!$N$3:$N$1000="T")*(INPUT!$O$3:$O$1000="CECILIO")*INPUT!$Q$3:$Q$1000)),"")} | L13: =IFERROR(IF(OR(J13="",K13=""),"",J13-K13),"") | M13: {=IFERROR(IF(SUMPRODUCT((INPUT!$M$3:$M$1000=$B$3+3)*(INPUT!$N$3:$N$1000="T")*(INPUT!$O$3:$O$1000="CECILIO"))=0,"",SUMPRODUCT((INPUT!$M$3:$M$1000=$B$3+3)*(INPUT!$N$3:$N$1000="T")*(INPUT!$O$3:$O$1000="CECILIO")*INPUT!$P$3:$P$1000)),"")} | N13: {=IFERROR(IF(SUMPRODUCT((INPUT!$M$3:$M$1000=$B$3+3)*(INPUT!$N$3:$N$1000="T")*(INPUT!$O$3:$O$1000="CECILIO"))=0,"",SUMPRODUCT((INPUT!$M$3:$M$1000=$B$3+3)*(INPUT!$N$3:$N$1000="T")*(INPUT!$O$3:$O$1000="CECILIO")*INPUT!$Q$3:$Q$1000)),"")} | O13: =IFERROR(IF(OR(M13="",N13=""),"",M13-N13),"") | P13: {=IFERROR(IF(SUMPRODUCT((INPUT!$M$3:$M$1000=$B$3+4)*(INPUT!$N$3:$N$1000="T")*(INPUT!$O$3:$O$1000="CECILIO"))=0,"",SUMPRODUCT((INPUT!$M$3:$M$1000=$B$3+4)*(INPUT!$N$3:$N$1000="T")*(INPUT!$O$3:$O$1000="CECILIO")*INPUT!$P$3:$P$1000)),"")} | Q13: {=IFERROR(IF(SUMPRODUCT((INPUT!$M$3:$M$1000=$B$3+4)*(INPUT!$N$3:$N$1000="T")*(INPUT!$O$3:$O$1000="CECILIO"))=0,"",SUMPRODUCT((INPUT!$M$3:$M$1000=$B$3+4)*(INPUT!$N$3:$N$1000="T")*(INPUT!$O$3:$O$1000="CECILIO")*INPUT!$Q$3:$Q$1000)),"")} | R13: =IFERROR(IF(OR(P13="",Q13=""),"",P13-Q13),"") | S13: {=IFERROR(IF(SUMPRODUCT((INPUT!$M$3:$M$1000=$B$3+5)*(INPUT!$N$3:$N$1000="T")*(INPUT!$O$3:$O$1000="CECILIO"))=0,"",SUMPRODUCT((INPUT!$M$3:$M$1000=$B$3+5)*(INPUT!$N$3:$N$1000="T")*(INPUT!$O$3:$O$1000="CECILIO")*INPUT!$P$3:$P$1000)),"")} -> 68 | T13: {=IFERROR(IF(SUMPRODUCT((INPUT!$M$3:$M$1000=$B$3+5)*(INPUT!$N$3:$N$1000="T")*(INPUT!$O$3:$O$1000="CECILIO"))=0,"",SUMPRODUCT((INPUT!$M$3:$M$1000=$B$3+5)*(INPUT!$N$3:$N$1000="T")*(INPUT!$O$3:$O$1000="CECILIO")*INPUT!$Q$3:$Q$1000)),"")} -> 67 | U13: =IFERROR(IF(OR(S13="",T13=""),"",S13-T13),"") -> 1 | V13: {=IFERROR(IF(SUMPRODUCT((INPUT!$M$3:$M$1000=$B$3+6)*(INPUT!$N$3:$N$1000="T")*(INPUT!$O$3:$O$1000="CECILIO"))=0,"",SUMPRODUCT((INPUT!$M$3:$M$1000=$B$3+6)*(INPUT!$N$3:$N$1000="T")*(INPUT!$O$3:$O$1000="CECILIO")*INPUT!$P$3:$P$1000)),"")} | W13: {=IFERROR(IF(SUMPRODUCT((INPUT!$M$3:$M$1000=$B$3+6)*(INPUT!$N$3:$N$1000="T")*(INPUT!$O$3:$O$1000="CECILIO"))=0,"",SUMPRODUCT((INPUT!$M$3:$M$1000=$B$3+6)*(INPUT!$N$3:$N$1000="T")*(INPUT!$O$3:$O$1000="CECILIO")*INPUT!$Q$3:$Q$1000)),"")} | X13: =IFERROR(IF(OR(V13="",W13=""),"",V13-W13),"")
A14: 5 | B14: CHAGUINHA | C14: M | D14: {=IFERROR(IF(SUMPRODUCT((INPUT!$M$3:$M$1000=$B$3+0)*(INPUT!$N$3:$N$1000="M")*(INPUT!$O$3:$O$1000="CHAGUINHA"))=0,"",SUMPRODUCT((INPUT!$M$3:$M$1000=$B$3+0)*(INPUT!$N$3:$N$1000="M")*(INPUT!$O$3:$O$1000="CHAGUINHA")*INPUT!$P$3:$P$1000)),"")} | E14: {=IFERROR(IF(SUMPRODUCT((INPUT!$M$3:$M$1000=$B$3+0)*(INPUT!$N$3:$N$1000="M")*(INPUT!$O$3:$O$1000="CHAGUINHA"))=0,"",SUMPRODUCT((INPUT!$M$3:$M$1000=$B$3+0)*(INPUT!$N$3:$N$1000="M")*(INPUT!$O$3:$O$1000="CHAGUINHA")*INPUT!$Q$3:$Q$1000)),"")} | F14: =IFERROR(IF(OR(D14="",E14=""),"",D14-E14),"") | G14: {=IFERROR(IF(SUMPRODUCT((INPUT!$M$3:$M$1000=$B$3+1)*(INPUT!$N$3:$N$1000="M")*(INPUT!$O$3:$O$1000="CHAGUINHA"))=0,"",SUMPRODUCT((INPUT!$M$3:$M$1000=$B$3+1)*(INPUT!$N$3:$N$1000="M")*(INPUT!$O$3:$O$1000="CHAGUINHA")*INPUT!$P$3:$P$1000)),"")} -> 69.3 | H14: {=IFERROR(IF(SUMPRODUCT((INPUT!$M$3:$M$1000=$B$3+1)*(INPUT!$N$3:$N$1000="M")*(INPUT!$O$3:$O$1000="CHAGUINHA"))=0,"",SUMPRODUCT((INPUT!$M$3:$M$1000=$B$3+1)*(INPUT!$N$3:$N$1000="M")*(INPUT!$O$3:$O$1000="CHAGUINHA")*INPUT!$Q$3:$Q$1000)),"")} -> 68.5 | I14: =IFERROR(IF(OR(G14="",H14=""),"",G14-H14),"") -> 0.8 | J14: {=IFERROR(IF(SUMPRODUCT((INPUT!$M$3:$M$1000=$B$3+2)*(INPUT!$N$3:$N$1000="M")*(INPUT!$O$3:$O$1000="CHAGUINHA"))=0,"",SUMPRODUCT((INPUT!$M$3:$M$1000=$B$3+2)*(INPUT!$N$3:$N$1000="M")*(INPUT!$O$3:$O$1000="CHAGUINHA")*INPUT!$P$3:$P$1000)),"")} -> 69 | K14: {=IFERROR(IF(SUMPRODUCT((INPUT!$M$3:$M$1000=$B$3+2)*(INPUT!$N$3:$N$1000="M")*(INPUT!$O$3:$O$1000="CHAGUINHA"))=0,"",SUMPRODUCT((INPUT!$M$3:$M$1000=$B$3+2)*(INPUT!$N$3:$N$1000="M")*(INPUT!$O$3:$O$1000="CHAGUINHA")*INPUT!$Q$3:$Q$1000)),"")} -> 68.6 | L14: =IFERROR(IF(OR(J14="",K14=""),"",J14-K14),"") -> 0.4 | M14: {=IFERROR(IF(SUMPRODUCT((INPUT!$M$3:$M$1000=$B$3+3)*(INPUT!$N$3:$N$1000="M")*(INPUT!$O$3:$O$1000="CHAGUINHA"))=0,"",SUMPRODUCT((INPUT!$M$3:$M$1000=$B$3+3)*(INPUT!$N$3:$N$1000="M")*(INPUT!$O$3:$O$1000="CHAGUINHA")*INPUT!$P$3:$P$1000)),"")} -> 69 | N14: {=IFERROR(IF(SUMPRODUCT((INPUT!$M$3:$M$1000=$B$3+3)*(INPUT!$N$3:$N$1000="M")*(INPUT!$O$3:$O$1000="CHAGUINHA"))=0,"",SUMPRODUCT((INPUT!$M$3:$M$1000=$B$3+3)*(INPUT!$N$3:$N$1000="M")*(INPUT!$O$3:$O$1000="CHAGUINHA")*INPUT!$Q$3:$Q$1000)),"")} -> 68.6 | O14: =IFERROR(IF(OR(M14="",N14=""),"",M14-N14),"") -> 0.4 | P14: {=IFERROR(IF(SUMPRODUCT((INPUT!$M$3:$M$1000=$B$3+4)*(INPUT!$N$3:$N$1000="M")*(INPUT!$O$3:$O$1000="CHAGUINHA"))=0,"",SUMPRODUCT((INPUT!$M$3:$M$1000=$B$3+4)*(INPUT!$N$3:$N$1000="M")*(INPUT!$O$3:$O$1000="CHAGUINHA")*INPUT!$P$3:$P$1000)),"")} -> 69 | Q14: {=IFERROR(IF(SUMPRODUCT((INPUT!$M$3:$M$1000=$B$3+4)*(INPUT!$N$3:$N$1000="M")*(INPUT!$O$3:$O$1000="CHAGUINHA"))=0,"",SUMPRODUCT((INPUT!$M$3:$M$1000=$B$3+4)*(INPUT!$N$3:$N$1000="M")*(INPUT!$O$3:$O$1000="CHAGUINHA")*INPUT!$Q$3:$Q$1000)),"")} -> 68.8 | R14: =IFERROR(IF(OR(P14="",Q14=""),"",P14-Q14),"") -> 0.2 | S14: {=IFERROR(IF(SUMPRODUCT((INPUT!$M$3:$M$1000=$B$3+5)*(INPUT!$N$3:$N$1000="M")*(INPUT!$O$3:$O$1000="CHAGUINHA"))=0,"",SUMPRODUCT((INPUT!$M$3:$M$1000=$B$3+5)*(INPUT!$N$3:$N$1000="M")*(INPUT!$O$3:$O$1000="CHAGUINHA")*INPUT!$P$3:$P$1000)),"")} | T14: {=IFERROR(IF(SUMPRODUCT((INPUT!$M$3:$M$1000=$B$3+5)*(INPUT!$N$3:$N$1000="M")*(INPUT!$O$3:$O$1000="CHAGUINHA"))=0,"",SUMPRODUCT((INPUT!$M$3:$M$1000=$B$3+5)*(INPUT!$N$3:$N$1000="M")*(INPUT!$O$3:$O$1000="CHAGUINHA")*INPUT!$Q$3:$Q$1000)),"")} | U14: =IFERROR(IF(OR(S14="",T14=""),"",S14-T14),"") | V14: {=IFERROR(IF(SUMPRODUCT((INPUT!$M$3:$M$1000=$B$3+6)*(INPUT!$N$3:$N$1000="M")*(INPUT!$O$3:$O$1000="CHAGUINHA"))=0,"",SUMPRODUCT((INPUT!$M$3:$M$1000=$B$3+6)*(INPUT!$N$3:$N$1000="M")*(INPUT!$O$3:$O$1000="CHAGUINHA")*INPUT!$P$3:$P$1000)),"")} | W14: {=IFERROR(IF(SUMPRODUCT((INPUT!$M$3:$M$1000=$B$3+6)*(INPUT!$N$3:$N$1000="M")*(INPUT!$O$3:$O$1000="CHAGUINHA"))=0,"",SUMPRODUCT((INPUT!$M$3:$M$1000=$B$3+6)*(INPUT!$N$3:$N$1000="M")*(INPUT!$O$3:$O$1000="CHAGUINHA")*INPUT!$Q$3:$Q$1000)),"")} | X14: =IFERROR(IF(OR(V14="",W14=""),"",V14-W14),"")
C15: T | D15: {=IFERROR(IF(SUMPRODUCT((INPUT!$M$3:$M$1000=$B$3+0)*(INPUT!$N$3:$N$1000="T")*(INPUT!$O$3:$O$1000="CHAGUINHA"))=0,"",SUMPRODUCT((INPUT!$M$3:$M$1000=$B$3+0)*(INPUT!$N$3:$N$1000="T")*(INPUT!$O$3:$O$1000="CHAGUINHA")*INPUT!$P$3:$P$1000)),"")} | E15: {=IFERROR(IF(SUMPRODUCT((INPUT!$M$3:$M$1000=$B$3+0)*(INPUT!$N$3:$N$1000="T")*(INPUT!$O$3:$O$1000="CHAGUINHA"))=0,"",SUMPRODUCT((INPUT!$M$3:$M$1000=$B$3+0)*(INPUT!$N$3:$N$1000="T")*(INPUT!$O$3:$O$1000="CHAGUINHA")*INPUT!$Q$3:$Q$1000)),"")} | F15: =IFERROR(IF(OR(D15="",E15=""),"",D15-E15),"") | G15: {=IFERROR(IF(SUMPRODUCT((INPUT!$M$3:$M$1000=$B$3+1)*(INPUT!$N$3:$N$1000="T")*(INPUT!$O$3:$O$1000="CHAGUINHA"))=0,"",SUMPRODUCT((INPUT!$M$3:$M$1000=$B$3+1)*(INPUT!$N$3:$N$1000="T")*(INPUT!$O$3:$O$1000="CHAGUINHA")*INPUT!$P$3:$P$1000)),"")} | H15: {=IFERROR(IF(SUMPRODUCT((INPUT!$M$3:$M$1000=$B$3+1)*(INPUT!$N$3:$N$1000="T")*(INPUT!$O$3:$O$1000="CHAGUINHA"))=0,"",SUMPRODUCT((INPUT!$M$3:$M$1000=$B$3+1)*(INPUT!$N$3:$N$1000="T")*(INPUT!$O$3:$O$1000="CHAGUINHA")*INPUT!$Q$3:$Q$1000)),"")} | I15: =IFERROR(IF(OR(G15="",H15=""),"",G15-H15),"") | J15: {=IFERROR(IF(SUMPRODUCT((INPUT!$M$3:$M$1000=$B$3+2)*(INPUT!$N$3:$N$1000="T")*(INPUT!$O$3:$O$1000="CHAGUINHA"))=0,"",SUMPRODUCT((INPUT!$M$3:$M$1000=$B$3+2)*(INPUT!$N$3:$N$1000="T")*(INPUT!$O$3:$O$1000="CHAGUINHA")*INPUT!$P$3:$P$1000)),"")} | K15: {=IFERROR(IF(SUMPRODUCT((INPUT!$M$3:$M$1000=$B$3+2)*(INPUT!$N$3:$N$1000="T")*(INPUT!$O$3:$O$1000="CHAGUINHA"))=0,"",SUMPRODUCT((INPUT!$M$3:$M$1000=$B$3+2)*(INPUT!$N$3:$N$1000="T")*(INPUT!$O$3:$O$1000="CHAGUINHA")*INPUT!$Q$3:$Q$1000)),"")} | L15: =IFERROR(IF(OR(J15="",K15=""),"",J15-K15),"") | M15: {=IFERROR(IF(SUMPRODUCT((INPUT!$M$3:$M$1000=$B$3+3)*(INPUT!$N$3:$N$1000="T")*(INPUT!$O$3:$O$1000="CHAGUINHA"))=0,"",SUMPRODUCT((INPUT!$M$3:$M$1000=$B$3+3)*(INPUT!$N$3:$N$1000="T")*(INPUT!$O$3:$O$1000="CHAGUINHA")*INPUT!$P$3:$P$1000)),"")} | N15: {=IFERROR(IF(SUMPRODUCT((INPUT!$M$3:$M$1000=$B$3+3)*(INPUT!$N$3:$N$1000="T")*(INPUT!$O$3:$O$1000="CHAGUINHA"))=0,"",SUMPRODUCT((INPUT!$M$3:$M$1000=$B$3+3)*(INPUT!$N$3:$N$1000="T")*(INPUT!$O$3:$O$1000="CHAGUINHA")*INPUT!$Q$3:$Q$1000)),"")} | O15: =IFERROR(IF(OR(M15="",N15=""),"",M15-N15),"") | P15: {=IFERROR(IF(SUMPRODUCT((INPUT!$M$3:$M$1000=$B$3+4)*(INPUT!$N$3:$N$1000="T")*(INPUT!$O$3:$O$1000="CHAGUINHA"))=0,"",SUMPRODUCT((INPUT!$M$3:$M$1000=$B$3+4)*(INPUT!$N$3:$N$1000="T")*(INPUT!$O$3:$O$1000="CHAGUINHA")*INPUT!$P$3:$P$1000)),"")} | Q15: {=IFERROR(IF(SUMPRODUCT((INPUT!$M$3:$M$1000=$B$3+4)*(INPUT!$N$3:$N$1000="T")*(INPUT!$O$3:$O$1000="CHAGUINHA"))=0,"",SUMPRODUCT((INPUT!$M$3:$M$1000=$B$3+4)*(INPUT!$N$3:$N$1000="T")*(INPUT!$O$3:$O$1000="CHAGUINHA")*INPUT!$Q$3:$Q$1000)),"")} | R15: =IFERROR(IF(OR(P15="",Q15=""),"",P15-Q15),"") | S15: {=IFERROR(IF(SUMPRODUCT((INPUT!$M$3:$M$1000=$B$3+5)*(INPUT!$N$3:$N$1000="T")*(INPUT!$O$3:$O$1000="CHAGUINHA"))=0,"",SUMPRODUCT((INPUT!$M$3:$M$1000=$B$3+5)*(INPUT!$N$3:$N$1000="T")*(INPUT!$O$3:$O$1000="CHAGUINHA")*INPUT!$P$3:$P$1000)),"")} -> 69 | T15: {=IFERROR(IF(SUMPRODUCT((INPUT!$M$3:$M$1000=$B$3+5)*(INPUT!$N$3:$N$1000="T")*(INPUT!$O$3:$O$1000="CHAGUINHA"))=0,"",SUMPRODUCT((INPUT!$M$3:$M$1000=$B$3+5)*(INPUT!$N$3:$N$1000="T")*(INPUT!$O$3:$O$1000="CHAGUINHA")*INPUT!$Q$3:$Q$1000)),"")} -> 68 | U15: =IFERROR(IF(OR(S15="",T15=""),"",S15-T15),"") -> 1 | V15: {=IFERROR(IF(SUMPRODUCT((INPUT!$M$3:$M$1000=$B$3+6)*(INPUT!$N$3:$N$1000="T")*(INPUT!$O$3:$O$1000="CHAGUINHA"))=0,"",SUMPRODUCT((INPUT!$M$3:$M$1000=$B$3+6)*(INPUT!$N$3:$N$1000="T")*(INPUT!$O$3:$O$1000="CHAGUINHA")*INPUT!$P$3:$P$1000)),"")} | W15: {=IFERROR(IF(SUMPRODUCT((INPUT!$M$3:$M$1000=$B$3+6)*(INPUT!$N$3:$N$1000="T")*(INPUT!$O$3:$O$1000="CHAGUINHA"))=0,"",SUMPRODUCT((INPUT!$M$3:$M$1000=$B$3+6)*(INPUT!$N$3:$N$1000="T")*(INPUT!$O$3:$O$1000="CHAGUINHA")*INPUT!$Q$3:$Q$1000)),"")} | X15: =IFERROR(IF(OR(V15="",W15=""),"",V15-W15),"")
A16: 6 | B16: RAUL | C16: M | D16: {=IFERROR(IF(SUMPRODUCT((INPUT!$M$3:$M$1000=$B$3+0)*(INPUT!$N$3:$N$1000="M")*(INPUT!$O$3:$O$1000="RAUL"))=0,"",SUMPRODUCT((INPUT!$M$3:$M$1000=$B$3+0)*(INPUT!$N$3:$N$1000="M")*(INPUT!$O$3:$O$1000="RAUL")*INPUT!$P$3:$P$1000)),"")} | E16: {=IFERROR(IF(SUMPRODUCT((INPUT!$M$3:$M$1000=$B$3+0)*(INPUT!$N$3:$N$1000="M")*(INPUT!$O$3:$O$1000="RAUL"))=0,"",SUMPRODUCT((INPUT!$M$3:$M$1000=$B$3+0)*(INPUT!$N$3:$N$1000="M")*(INPUT!$O$3:$O$1000="RAUL")*INPUT!$Q$3:$Q$1000)),"")} | F16: =IFERROR(IF(OR(D16="",E16=""),"",D16-E16),"") | G16: {=IFERROR(IF(SUMPRODUCT((INPUT!$M$3:$M$1000=$B$3+1)*(INPUT!$N$3:$N$1000="M")*(INPUT!$O$3:$O$1000="RAUL"))=0,"",SUMPRODUCT((INPUT!$M$3:$M$1000=$B$3+1)*(INPUT!$N$3:$N$1000="M")*(INPUT!$O$3:$O$1000="RAUL")*INPUT!$P$3:$P$1000)),"")} -> 80 | H16: {=IFERROR(IF(SUMPRODUCT((INPUT!$M$3:$M$1000=$B$3+1)*(INPUT!$N$3:$N$1000="M")*(INPUT!$O$3:$O$1000="RAUL"))=0,"",SUMPRODUCT((INPUT!$M$3:$M$1000=$B$3+1)*(INPUT!$N$3:$N$1000="M")*(INPUT!$O$3:$O$1000="RAUL")*INPUT!$Q$3:$Q$1000)),"")} -> 80.1 | I16: =IFERROR(IF(OR(G16="",H16=""),"",G16-H16),"") -> -0.1 | J16: {=IFERROR(IF(SUMPRODUCT((INPUT!$M$3:$M$1000=$B$3+2)*(INPUT!$N$3:$N$1000="M")*(INPUT!$O$3:$O$1000="RAUL"))=0,"",SUMPRODUCT((INPUT!$M$3:$M$1000=$B$3+2)*(INPUT!$N$3:$N$1000="M")*(INPUT!$O$3:$O$1000="RAUL")*INPUT!$P$3:$P$1000)),"")} -> 80.6 | K16: {=IFERROR(IF(SUMPRODUCT((INPUT!$M$3:$M$1000=$B$3+2)*(INPUT!$N$3:$N$1000="M")*(INPUT!$O$3:$O$1000="RAUL"))=0,"",SUMPRODUCT((INPUT!$M$3:$M$1000=$B$3+2)*(INPUT!$N$3:$N$1000="M")*(INPUT!$O$3:$O$1000="RAUL")*INPUT!$Q$3:$Q$1000)),"")} -> 80.8 | L16: =IFERROR(IF(OR(J16="",K16=""),"",J16-K16),"") -> -0.2 | M16: {=IFERROR(IF(SUMPRODUCT((INPUT!$M$3:$M$1000=$B$3+3)*(INPUT!$N$3:$N$1000="M")*(INPUT!$O$3:$O$1000="RAUL"))=0,"",SUMPRODUCT((INPUT!$M$3:$M$1000=$B$3+3)*(INPUT!$N$3:$N$1000="M")*(INPUT!$O$3:$O$1000="RAUL")*INPUT!$P$3:$P$1000)),"")} -> 80.6 | N16: {=IFERROR(IF(SUMPRODUCT((INPUT!$M$3:$M$1000=$B$3+3)*(INPUT!$N$3:$N$1000="M")*(INPUT!$O$3:$O$1000="RAUL"))=0,"",SUMPRODUCT((INPUT!$M$3:$M$1000=$B$3+3)*(INPUT!$N$3:$N$1000="M")*(INPUT!$O$3:$O$1000="RAUL")*INPUT!$Q$3:$Q$1000)),"")} -> 80.8 | O16: =IFERROR(IF(OR(M16="",N16=""),"",M16-N16),"") -> -0.2 | P16: {=IFERROR(IF(SUMPRODUCT((INPUT!$M$3:$M$1000=$B$3+4)*(INPUT!$N$3:$N$1000="M")*(INPUT!$O$3:$O$1000="RAUL"))=0,"",SUMPRODUCT((INPUT!$M$3:$M$1000=$B$3+4)*(INPUT!$N$3:$N$1000="M")*(INPUT!$O$3:$O$1000="RAUL")*INPUT!$P$3:$P$1000)),"")} -> 80.3 | Q16: {=IFERROR(IF(SUMPRODUCT((INPUT!$M$3:$M$1000=$B$3+4)*(INPUT!$N$3:$N$1000="M")*(INPUT!$O$3:$O$1000="RAUL"))=0,"",SUMPRODUCT((INPUT!$M$3:$M$1000=$B$3+4)*(INPUT!$N$3:$N$1000="M")*(INPUT!$O$3:$O$1000="RAUL")*INPUT!$Q$3:$Q$1000)),"")} -> 79.8 | R16: =IFERROR(IF(OR(P16="",Q16=""),"",P16-Q16),"") -> 0.5 | S16: {=IFERROR(IF(SUMPRODUCT((INPUT!$M$3:$M$1000=$B$3+5)*(INPUT!$N$3:$N$1000="M")*(INPUT!$O$3:$O$1000="RAUL"))=0,"",SUMPRODUCT((INPUT!$M$3:$M$1000=$B$3+5)*(INPUT!$N$3:$N$1000="M")*(INPUT!$O$3:$O$1000="RAUL")*INPUT!$P$3:$P$1000)),"")} | T16: {=IFERROR(IF(SUMPRODUCT((INPUT!$M$3:$M$1000=$B$3+5)*(INPUT!$N$3:$N$1000="M")*(INPUT!$O$3:$O$1000="RAUL"))=0,"",SUMPRODUCT((INPUT!$M$3:$M$1000=$B$3+5)*(INPUT!$N$3:$N$1000="M")*(INPUT!$O$3:$O$1000="RAUL")*INPUT!$Q$3:$Q$1000)),"")} | U16: =IFERROR(IF(OR(S16="",T16=""),"",S16-T16),"") | V16: {=IFERROR(IF(SUMPRODUCT((INPUT!$M$3:$M$1000=$B$3+6)*(INPUT!$N$3:$N$1000="M")*(INPUT!$O$3:$O$1000="RAUL"))=0,"",SUMPRODUCT((INPUT!$M$3:$M$1000=$B$3+6)*(INPUT!$N$3:$N$1000="M")*(INPUT!$O$3:$O$1000="RAUL")*INPUT!$P$3:$P$1000)),"")} | W16: {=IFERROR(IF(SUMPRODUCT((INPUT!$M$3:$M$1000=$B$3+6)*(INPUT!$N$3:$N$1000="M")*(INPUT!$O$3:$O$1000="RAUL"))=0,"",SUMPRODUCT((INPUT!$M$3:$M$1000=$B$3+6)*(INPUT!$N$3:$N$1000="M")*(INPUT!$O$3:$O$1000="RAUL")*INPUT!$Q$3:$Q$1000)),"")} | X16: =IFERROR(IF(OR(V16="",W16=""),"",V16-W16),"")
C17: T | D17: {=IFERROR(IF(SUMPRODUCT((INPUT!$M$3:$M$1000=$B$3+0)*(INPUT!$N$3:$N$1000="T")*(INPUT!$O$3:$O$1000="RAUL"))=0,"",SUMPRODUCT((INPUT!$M$3:$M$1000=$B$3+0)*(INPUT!$N$3:$N$1000="T")*(INPUT!$O$3:$O$1000="RAUL")*INPUT!$P$3:$P$1000)),"")} | E17: {=IFERROR(IF(SUMPRODUCT((INPUT!$M$3:$M$1000=$B$3+0)*(INPUT!$N$3:$N$1000="T")*(INPUT!$O$3:$O$1000="RAUL"))=0,"",SUMPRODUCT((INPUT!$M$3:$M$1000=$B$3+0)*(INPUT!$N$3:$N$1000="T")*(INPUT!$O$3:$O$1000="RAUL")*INPUT!$Q$3:$Q$1000)),"")} | F17: =IFERROR(IF(OR(D17="",E17=""),"",D17-E17),"") | G17: {=IFERROR(IF(SUMPRODUCT((INPUT!$M$3:$M$1000=$B$3+1)*(INPUT!$N$3:$N$1000="T")*(INPUT!$O$3:$O$1000="RAUL"))=0,"",SUMPRODUCT((INPUT!$M$3:$M$1000=$B$3+1)*(INPUT!$N$3:$N$1000="T")*(INPUT!$O$3:$O$1000="RAUL")*INPUT!$P$3:$P$1000)),"")} | H17: {=IFERROR(IF(SUMPRODUCT((INPUT!$M$3:$M$1000=$B$3+1)*(INPUT!$N$3:$N$1000="T")*(INPUT!$O$3:$O$1000="RAUL"))=0,"",SUMPRODUCT((INPUT!$M$3:$M$1000=$B$3+1)*(INPUT!$N$3:$N$1000="T")*(INPUT!$O$3:$O$1000="RAUL")*INPUT!$Q$3:$Q$1000)),"")} | I17: =IFERROR(IF(OR(G17="",H17=""),"",G17-H17),"") | J17: {=IFERROR(IF(SUMPRODUCT((INPUT!$M$3:$M$1000=$B$3+2)*(INPUT!$N$3:$N$1000="T")*(INPUT!$O$3:$O$1000="RAUL"))=0,"",SUMPRODUCT((INPUT!$M$3:$M$1000=$B$3+2)*(INPUT!$N$3:$N$1000="T")*(INPUT!$O$3:$O$1000="RAUL")*INPUT!$P$3:$P$1000)),"")} | K17: {=IFERROR(IF(SUMPRODUCT((INPUT!$M$3:$M$1000=$B$3+2)*(INPUT!$N$3:$N$1000="T")*(INPUT!$O$3:$O$1000="RAUL"))=0,"",SUMPRODUCT((INPUT!$M$3:$M$1000=$B$3+2)*(INPUT!$N$3:$N$1000="T")*(INPUT!$O$3:$O$1000="RAUL")*INPUT!$Q$3:$Q$1000)),"")} | L17: =IFERROR(IF(OR(J17="",K17=""),"",J17-K17),"") | M17: {=IFERROR(IF(SUMPRODUCT((INPUT!$M$3:$M$1000=$B$3+3)*(INPUT!$N$3:$N$1000="T")*(INPUT!$O$3:$O$1000="RAUL"))=0,"",SUMPRODUCT((INPUT!$M$3:$M$1000=$B$3+3)*(INPUT!$N$3:$N$1000="T")*(INPUT!$O$3:$O$1000="RAUL")*INPUT!$P$3:$P$1000)),"")} | N17: {=IFERROR(IF(SUMPRODUCT((INPUT!$M$3:$M$1000=$B$3+3)*(INPUT!$N$3:$N$1000="T")*(INPUT!$O$3:$O$1000="RAUL"))=0,"",SUMPRODUCT((INPUT!$M$3:$M$1000=$B$3+3)*(INPUT!$N$3:$N$1000="T")*(INPUT!$O$3:$O$1000="RAUL")*INPUT!$Q$3:$Q$1000)),"")} | O17: =IFERROR(IF(OR(M17="",N17=""),"",M17-N17),"") | P17: {=IFERROR(IF(SUMPRODUCT((INPUT!$M$3:$M$1000=$B$3+4)*(INPUT!$N$3:$N$1000="T")*(INPUT!$O$3:$O$1000="RAUL"))=0,"",SUMPRODUCT((INPUT!$M$3:$M$1000=$B$3+4)*(INPUT!$N$3:$N$1000="T")*(INPUT!$O$3:$O$1000="RAUL")*INPUT!$P$3:$P$1000)),"")} | Q17: {=IFERROR(IF(SUMPRODUCT((INPUT!$M$3:$M$1000=$B$3+4)*(INPUT!$N$3:$N$1000="T")*(INPUT!$O$3:$O$1000="RAUL"))=0,"",SUMPRODUCT((INPUT!$M$3:$M$1000=$B$3+4)*(INPUT!$N$3:$N$1000="T")*(INPUT!$O$3:$O$1000="RAUL")*INPUT!$Q$3:$Q$1000)),"")} | R17: =IFERROR(IF(OR(P17="",Q17=""),"",P17-Q17),"") | S17: {=IFERROR(IF(SUMPRODUCT((INPUT!$M$3:$M$1000=$B$3+5)*(INPUT!$N$3:$N$1000="T")*(INPUT!$O$3:$O$1000="RAUL"))=0,"",SUMPRODUCT((INPUT!$M$3:$M$1000=$B$3+5)*(INPUT!$N$3:$N$1000="T")*(INPUT!$O$3:$O$1000="RAUL")*INPUT!$P$3:$P$1000)),"")} -> 80 | T17: {=IFERROR(IF(SUMPRODUCT((INPUT!$M$3:$M$1000=$B$3+5)*(INPUT!$N$3:$N$1000="T")*(INPUT!$O$3:$O$1000="RAUL"))=0,"",SUMPRODUCT((INPUT!$M$3:$M$1000=$B$3+5)*(INPUT!$N$3:$N$1000="T")*(INPUT!$O$3:$O$1000="RAUL")*INPUT!$Q$3:$Q$1000)),"")} -> 78.9 | U17: =IFERROR(IF(OR(S17="",T17=""),"",S17-T17),"") -> 1.1 | V17: {=IFERROR(IF(SUMPRODUCT((INPUT!$M$3:$M$1000=$B$3+6)*(INPUT!$N$3:$N$1000="T")*(INPUT!$O$3:$O$1000="RAUL"))=0,"",SUMPRODUCT((INPUT!$M$3:$M$1000=$B$3+6)*(INPUT!$N$3:$N$1000="T")*(INPUT!$O$3:$O$1000="RAUL")*INPUT!$P$3:$P$1000)),"")} | W17: {=IFERROR(IF(SUMPRODUCT((INPUT!$M$3:$M$1000=$B$3+6)*(INPUT!$N$3:$N$1000="T")*(INPUT!$O$3:$O$1000="RAUL"))=0,"",SUMPRODUCT((INPUT!$M$3:$M$1000=$B$3+6)*(INPUT!$N$3:$N$1000="T")*(INPUT!$O$3:$O$1000="RAUL")*INPUT!$Q$3:$Q$1000)),"")} | X17: =IFERROR(IF(OR(V17="",W17=""),"",V17-W17),"")
A18: 7 | B18: HARRISON | C18: M | D18: {=IFERROR(IF(SUMPRODUCT((INPUT!$M$3:$M$1000=$B$3+0)*(INPUT!$N$3:$N$1000="M")*(INPUT!$O$3:$O$1000="HARRISON"))=0,"",SUMPRODUCT((INPUT!$M$3:$M$1000=$B$3+0)*(INPUT!$N$3:$N$1000="M")*(INPUT!$O$3:$O$1000="HARRISON")*INPUT!$P$3:$P$1000)),"")} | E18: {=IFERROR(IF(SUMPRODUCT((INPUT!$M$3:$M$1000=$B$3+0)*(INPUT!$N$3:$N$1000="M")*(INPUT!$O$3:$O$1000="HARRISON"))=0,"",SUMPRODUCT((INPUT!$M$3:$M$1000=$B$3+0)*(INPUT!$N$3:$N$1000="M")*(INPUT!$O$3:$O$1000="HARRISON")*INPUT!$Q$3:$Q$1000)),"")} | F18: =IFERROR(IF(OR(D18="",E18=""),"",D18-E18),"") | G18: {=IFERROR(IF(SUMPRODUCT((INPUT!$M$3:$M$1000=$B$3+1)*(INPUT!$N$3:$N$1000="M")*(INPUT!$O$3:$O$1000="HARRISON"))=0,"",SUMPRODUCT((INPUT!$M$3:$M$1000=$B$3+1)*(INPUT!$N$3:$N$1000="M")*(INPUT!$O$3:$O$1000="HARRISON")*INPUT!$P$3:$P$1000)),"")} -> 71.4 | H18: {=IFERROR(IF(SUMPRODUCT((INPUT!$M$3:$M$1000=$B$3+1)*(INPUT!$N$3:$N$1000="M")*(INPUT!$O$3:$O$1000="HARRISON"))=0,"",SUMPRODUCT((INPUT!$M$3:$M$1000=$B$3+1)*(INPUT!$N$3:$N$1000="M")*(INPUT!$O$3:$O$1000="HARRISON")*INPUT!$Q$3:$Q$1000)),"")} -> 71.5 | I18: =IFERROR(IF(OR(G18="",H18=""),"",G18-H18),"") -> -0.1 | J18: {=IFERROR(IF(SUMPRODUCT((INPUT!$M$3:$M$1000=$B$3+2)*(INPUT!$N$3:$N$1000="M")*(INPUT!$O$3:$O$1000="HARRISON"))=0,"",SUMPRODUCT((INPUT!$M$3:$M$1000=$B$3+2)*(INPUT!$N$3:$N$1000="M")*(INPUT!$O$3:$O$1000="HARRISON")*INPUT!$P$3:$P$1000)),"")} -> 71.5 | K18: {=IFERROR(IF(SUMPRODUCT((INPUT!$M$3:$M$1000=$B$3+2)*(INPUT!$N$3:$N$1000="M")*(INPUT!$O$3:$O$1000="HARRISON"))=0,"",SUMPRODUCT((INPUT!$M$3:$M$1000=$B$3+2)*(INPUT!$N$3:$N$1000="M")*(INPUT!$O$3:$O$1000="HARRISON")*INPUT!$Q$3:$Q$1000)),"")} -> 71.7 | L18: =IFERROR(IF(OR(J18="",K18=""),"",J18-K18),"") -> -0.2 | M18: {=IFERROR(IF(SUMPRODUCT((INPUT!$M$3:$M$1000=$B$3+3)*(INPUT!$N$3:$N$1000="M")*(INPUT!$O$3:$O$1000="HARRISON"))=0,"",SUMPRODUCT((INPUT!$M$3:$M$1000=$B$3+3)*(INPUT!$N$3:$N$1000="M")*(INPUT!$O$3:$O$1000="HARRISON")*INPUT!$P$3:$P$1000)),"")} -> 71.5 | N18: {=IFERROR(IF(SUMPRODUCT((INPUT!$M$3:$M$1000=$B$3+3)*(INPUT!$N$3:$N$1000="M")*(INPUT!$O$3:$O$1000="HARRISON"))=0,"",SUMPRODUCT((INPUT!$M$3:$M$1000=$B$3+3)*(INPUT!$N$3:$N$1000="M")*(INPUT!$O$3:$O$1000="HARRISON")*INPUT!$Q$3:$Q$1000)),"")} -> 71.7 | O18: =IFERROR(IF(OR(M18="",N18=""),"",M18-N18),"") -> -0.2 | P18: {=IFERROR(IF(SUMPRODUCT((INPUT!$M$3:$M$1000=$B$3+4)*(INPUT!$N$3:$N$1000="M")*(INPUT!$O$3:$O$1000="HARRISON"))=0,"",SUMPRODUCT((INPUT!$M$3:$M$1000=$B$3+4)*(INPUT!$N$3:$N$1000="M")*(INPUT!$O$3:$O$1000="HARRISON")*INPUT!$P$3:$P$1000)),"")} -> 70.9 | Q18: {=IFERROR(IF(SUMPRODUCT((INPUT!$M$3:$M$1000=$B$3+4)*(INPUT!$N$3:$N$1000="M")*(INPUT!$O$3:$O$1000="HARRISON"))=0,"",SUMPRODUCT((INPUT!$M$3:$M$1000=$B$3+4)*(INPUT!$N$3:$N$1000="M")*(INPUT!$O$3:$O$1000="HARRISON")*INPUT!$Q$3:$Q$1000)),"")} -> 71.1 | R18: =IFERROR(IF(OR(P18="",Q18=""),"",P18-Q18),"") -> -0.2 | S18: {=IFERROR(IF(SUMPRODUCT((INPUT!$M$3:$M$1000=$B$3+5)*(INPUT!$N$3:$N$1000="M")*(INPUT!$O$3:$O$1000="HARRISON"))=0,"",SUMPRODUCT((INPUT!$M$3:$M$1000=$B$3+5)*(INPUT!$N$3:$N$1000="M")*(INPUT!$O$3:$O$1000="HARRISON")*INPUT!$P$3:$P$1000)),"")} | T18: {=IFERROR(IF(SUMPRODUCT((INPUT!$M$3:$M$1000=$B$3+5)*(INPUT!$N$3:$N$1000="M")*(INPUT!$O$3:$O$1000="HARRISON"))=0,"",SUMPRODUCT((INPUT!$M$3:$M$1000=$B$3+5)*(INPUT!$N$3:$N$1000="M")*(INPUT!$O$3:$O$1000="HARRISON")*INPUT!$Q$3:$Q$1000)),"")} | U18: =IFERROR(IF(OR(S18="",T18=""),"",S18-T18),"") | V18: {=IFERROR(IF(SUMPRODUCT((INPUT!$M$3:$M$1000=$B$3+6)*(INPUT!$N$3:$N$1000="M")*(INPUT!$O$3:$O$1000="HARRISON"))=0,"",SUMPRODUCT((INPUT!$M$3:$M$1000=$B$3+6)*(INPUT!$N$3:$N$1000="M")*(INPUT!$O$3:$O$1000="HARRISON")*INPUT!$P$3:$P$1000)),"")} | W18: {=IFERROR(IF(SUMPRODUCT((INPUT!$M$3:$M$1000=$B$3+6)*(INPUT!$N$3:$N$1000="M")*(INPUT!$O$3:$O$1000="HARRISON"))=0,"",SUMPRODUCT((INPUT!$M$3:$M$1000=$B$3+6)*(INPUT!$N$3:$N$1000="M")*(INPUT!$O$3:$O$1000="HARRISON")*INPUT!$Q$3:$Q$1000)),"")} | X18: =IFERROR(IF(OR(V18="",W18=""),"",V18-W18),"")
C19: T | D19: {=IFERROR(IF(SUMPRODUCT((INPUT!$M$3:$M$1000=$B$3+0)*(INPUT!$N$3:$N$1000="T")*(INPUT!$O$3:$O$1000="HARRISON"))=0,"",SUMPRODUCT((INPUT!$M$3:$M$1000=$B$3+0)*(INPUT!$N$3:$N$1000="T")*(INPUT!$O$3:$O$1000="HARRISON")*INPUT!$P$3:$P$1000)),"")} | E19: {=IFERROR(IF(SUMPRODUCT((INPUT!$M$3:$M$1000=$B$3+0)*(INPUT!$N$3:$N$1000="T")*(INPUT!$O$3:$O$1000="HARRISON"))=0,"",SUMPRODUCT((INPUT!$M$3:$M$1000=$B$3+0)*(INPUT!$N$3:$N$1000="T")*(INPUT!$O$3:$O$1000="HARRISON")*INPUT!$Q$3:$Q$1000)),"")} | F19: =IFERROR(IF(OR(D19="",E19=""),"",D19-E19),"") | G19: {=IFERROR(IF(SUMPRODUCT((INPUT!$M$3:$M$1000=$B$3+1)*(INPUT!$N$3:$N$1000="T")*(INPUT!$O$3:$O$1000="HARRISON"))=0,"",SUMPRODUCT((INPUT!$M$3:$M$1000=$B$3+1)*(INPUT!$N$3:$N$1000="T")*(INPUT!$O$3:$O$1000="HARRISON")*INPUT!$P$3:$P$1000)),"")} | H19: {=IFERROR(IF(SUMPRODUCT((INPUT!$M$3:$M$1000=$B$3+1)*(INPUT!$N$3:$N$1000="T")*(INPUT!$O$3:$O$1000="HARRISON"))=0,"",SUMPRODUCT((INPUT!$M$3:$M$1000=$B$3+1)*(INPUT!$N$3:$N$1000="T")*(INPUT!$O$3:$O$1000="HARRISON")*INPUT!$Q$3:$Q$1000)),"")} | I19: =IFERROR(IF(OR(G19="",H19=""),"",G19-H19),"") | J19: {=IFERROR(IF(SUMPRODUCT((INPUT!$M$3:$M$1000=$B$3+2)*(INPUT!$N$3:$N$1000="T")*(INPUT!$O$3:$O$1000="HARRISON"))=0,"",SUMPRODUCT((INPUT!$M$3:$M$1000=$B$3+2)*(INPUT!$N$3:$N$1000="T")*(INPUT!$O$3:$O$1000="HARRISON")*INPUT!$P$3:$P$1000)),"")} | K19: {=IFERROR(IF(SUMPRODUCT((INPUT!$M$3:$M$1000=$B$3+2)*(INPUT!$N$3:$N$1000="T")*(INPUT!$O$3:$O$1000="HARRISON"))=0,"",SUMPRODUCT((INPUT!$M$3:$M$1000=$B$3+2)*(INPUT!$N$3:$N$1000="T")*(INPUT!$O$3:$O$1000="HARRISON")*INPUT!$Q$3:$Q$1000)),"")} | L19: =IFERROR(IF(OR(J19="",K19=""),"",J19-K19),"") | M19: {=IFERROR(IF(SUMPRODUCT((INPUT!$M$3:$M$1000=$B$3+3)*(INPUT!$N$3:$N$1000="T")*(INPUT!$O$3:$O$1000="HARRISON"))=0,"",SUMPRODUCT((INPUT!$M$3:$M$1000=$B$3+3)*(INPUT!$N$3:$N$1000="T")*(INPUT!$O$3:$O$1000="HARRISON")*INPUT!$P$3:$P$1000)),"")} | N19: {=IFERROR(IF(SUMPRODUCT((INPUT!$M$3:$M$1000=$B$3+3)*(INPUT!$N$3:$N$1000="T")*(INPUT!$O$3:$O$1000="HARRISON"))=0,"",SUMPRODUCT((INPUT!$M$3:$M$1000=$B$3+3)*(INPUT!$N$3:$N$1000="T")*(INPUT!$O$3:$O$1000="HARRISON")*INPUT!$Q$3:$Q$1000)),"")} | O19: =IFERROR(IF(OR(M19="",N19=""),"",M19-N19),"") | P19: {=IFERROR(IF(SUMPRODUCT((INPUT!$M$3:$M$1000=$B$3+4)*(INPUT!$N$3:$N$1000="T")*(INPUT!$O$3:$O$1000="HARRISON"))=0,"",SUMPRODUCT((INPUT!$M$3:$M$1000=$B$3+4)*(INPUT!$N$3:$N$1000="T")*(INPUT!$O$3:$O$1000="HARRISON")*INPUT!$P$3:$P$1000)),"")} | Q19: {=IFERROR(IF(SUMPRODUCT((INPUT!$M$3:$M$1000=$B$3+4)*(INPUT!$N$3:$N$1000="T")*(INPUT!$O$3:$O$1000="HARRISON"))=0,"",SUMPRODUCT((INPUT!$M$3:$M$1000=$B$3+4)*(INPUT!$N$3:$N$1000="T")*(INPUT!$O$3:$O$1000="HARRISON")*INPUT!$Q$3:$Q$1000)),"")} | R19: =IFERROR(IF(OR(P19="",Q19=""),"",P19-Q19),"") | S19: {=IFERROR(IF(SUMPRODUCT((INPUT!$M$3:$M$1000=$B$3+5)*(INPUT!$N$3:$N$1000="T")*(INPUT!$O$3:$O$1000="HARRISON"))=0,"",SUMPRODUCT((INPUT!$M$3:$M$1000=$B$3+5)*(INPUT!$N$3:$N$1000="T")*(INPUT!$O$3:$O$1000="HARRISON")*INPUT!$P$3:$P$1000)),"")} -> 71 | T19: {=IFERROR(IF(SUMPRODUCT((INPUT!$M$3:$M$1000=$B$3+5)*(INPUT!$N$3:$N$1000="T")*(INPUT!$O$3:$O$1000="HARRISON"))=0,"",SUMPRODUCT((INPUT!$M$3:$M$1000=$B$3+5)*(INPUT!$N$3:$N$1000="T")*(INPUT!$O$3:$O$1000="HARRISON")*INPUT!$Q$3:$Q$1000)),"")} -> 71.3 | U19: =IFERROR(IF(OR(S19="",T19=""),"",S19-T19),"") -> -0.3 | V19: {=IFERROR(IF(SUMPRODUCT((INPUT!$M$3:$M$1000=$B$3+6)*(INPUT!$N$3:$N$1000="T")*(INPUT!$O$3:$O$1000="HARRISON"))=0,"",SUMPRODUCT((INPUT!$M$3:$M$1000=$B$3+6)*(INPUT!$N$3:$N$1000="T")*(INPUT!$O$3:$O$1000="HARRISON")*INPUT!$P$3:$P$1000)),"")} | W19: {=IFERROR(IF(SUMPRODUCT((INPUT!$M$3:$M$1000=$B$3+6)*(INPUT!$N$3:$N$1000="T")*(INPUT!$O$3:$O$1000="HARRISON"))=0,"",SUMPRODUCT((INPUT!$M$3:$M$1000=$B$3+6)*(INPUT!$N$3:$N$1000="T")*(INPUT!$O$3:$O$1000="HARRISON")*INPUT!$Q$3:$Q$1000)),"")} | X19: =IFERROR(IF(OR(V19="",W19=""),"",V19-W19),"")
A20: 8 | B20: RAYA | C20: M | D20: {=IFERROR(IF(SUMPRODUCT((INPUT!$M$3:$M$1000=$B$3+0)*(INPUT!$N$3:$N$1000="M")*(INPUT!$O$3:$O$1000="RAYA"))=0,"",SUMPRODUCT((INPUT!$M$3:$M$1000=$B$3+0)*(INPUT!$N$3:$N$1000="M")*(INPUT!$O$3:$O$1000="RAYA")*INPUT!$P$3:$P$1000)),"")} | E20: {=IFERROR(IF(SUMPRODUCT((INPUT!$M$3:$M$1000=$B$3+0)*(INPUT!$N$3:$N$1000="M")*(INPUT!$O$3:$O$1000="RAYA"))=0,"",SUMPRODUCT((INPUT!$M$3:$M$1000=$B$3+0)*(INPUT!$N$3:$N$1000="M")*(INPUT!$O$3:$O$1000="RAYA")*INPUT!$Q$3:$Q$1000)),"")} | F20: =IFERROR(IF(OR(D20="",E20=""),"",D20-E20),"") | G20: {=IFERROR(IF(SUMPRODUCT((INPUT!$M$3:$M$1000=$B$3+1)*(INPUT!$N$3:$N$1000="M")*(INPUT!$O$3:$O$1000="RAYA"))=0,"",SUMPRODUCT((INPUT!$M$3:$M$1000=$B$3+1)*(INPUT!$N$3:$N$1000="M")*(INPUT!$O$3:$O$1000="RAYA")*INPUT!$P$3:$P$1000)),"")} | H20: {=IFERROR(IF(SUMPRODUCT((INPUT!$M$3:$M$1000=$B$3+1)*(INPUT!$N$3:$N$1000="M")*(INPUT!$O$3:$O$1000="RAYA"))=0,"",SUMPRODUCT((INPUT!$M$3:$M$1000=$B$3+1)*(INPUT!$N$3:$N$1000="M")*(INPUT!$O$3:$O$1000="RAYA")*INPUT!$Q$3:$Q$1000)),"")} | I20: =IFERROR(IF(OR(G20="",H20=""),"",G20-H20),"") | J20: {=IFERROR(IF(SUMPRODUCT((INPUT!$M$3:$M$1000=$B$3+2)*(INPUT!$N$3:$N$1000="M")*(INPUT!$O$3:$O$1000="RAYA"))=0,"",SUMPRODUCT((INPUT!$M$3:$M$1000=$B$3+2)*(INPUT!$N$3:$N$1000="M")*(INPUT!$O$3:$O$1000="RAYA")*INPUT!$P$3:$P$1000)),"")} | K20: {=IFERROR(IF(SUMPRODUCT((INPUT!$M$3:$M$1000=$B$3+2)*(INPUT!$N$3:$N$1000="M")*(INPUT!$O$3:$O$1000="RAYA"))=0,"",SUMPRODUCT((INPUT!$M$3:$M$1000=$B$3+2)*(INPUT!$N$3:$N$1000="M")*(INPUT!$O$3:$O$1000="RAYA")*INPUT!$Q$3:$Q$1000)),"")} | L20: =IFERROR(IF(OR(J20="",K20=""),"",J20-K20),"") | M20: {=IFERROR(IF(SUMPRODUCT((INPUT!$M$3:$M$1000=$B$3+3)*(INPUT!$N$3:$N$1000="M")*(INPUT!$O$3:$O$1000="RAYA"))=0,"",SUMPRODUCT((INPUT!$M$3:$M$1000=$B$3+3)*(INPUT!$N$3:$N$1000="M")*(INPUT!$O$3:$O$1000="RAYA")*INPUT!$P$3:$P$1000)),"")} | N20: {=IFERROR(IF(SUMPRODUCT((INPUT!$M$3:$M$1000=$B$3+3)*(INPUT!$N$3:$N$1000="M")*(INPUT!$O$3:$O$1000="RAYA"))=0,"",SUMPRODUCT((INPUT!$M$3:$M$1000=$B$3+3)*(INPUT!$N$3:$N$1000="M")*(INPUT!$O$3:$O$1000="RAYA")*INPUT!$Q$3:$Q$1000)),"")} | O20: =IFERROR(IF(OR(M20="",N20=""),"",M20-N20),"") | P20: {=IFERROR(IF(SUMPRODUCT((INPUT!$M$3:$M$1000=$B$3+4)*(INPUT!$N$3:$N$1000="M")*(INPUT!$O$3:$O$1000="RAYA"))=0,"",SUMPRODUCT((INPUT!$M$3:$M$1000=$B$3+4)*(INPUT!$N$3:$N$1000="M")*(INPUT!$O$3:$O$1000="RAYA")*INPUT!$P$3:$P$1000)),"")} -> 82.8 | Q20: {=IFERROR(IF(SUMPRODUCT((INPUT!$M$3:$M$1000=$B$3+4)*(INPUT!$N$3:$N$1000="M")*(INPUT!$O$3:$O$1000="RAYA"))=0,"",SUMPRODUCT((INPUT!$M$3:$M$1000=$B$3+4)*(INPUT!$N$3:$N$1000="M")*(INPUT!$O$3:$O$1000="RAYA")*INPUT!$Q$3:$Q$1000)),"")} -> 82.2 | R20: =IFERROR(IF(OR(P20="",Q20=""),"",P20-Q20),"") -> 0.6 | S20: {=IFERROR(IF(SUMPRODUCT((INPUT!$M$3:$M$1000=$B$3+5)*(INPUT!$N$3:$N$1000="M")*(INPUT!$O$3:$O$1000="RAYA"))=0,"",SUMPRODUCT((INPUT!$M$3:$M$1000=$B$3+5)*(INPUT!$N$3:$N$1000="M")*(INPUT!$O$3:$O$1000="RAYA")*INPUT!$P$3:$P$1000)),"")} | T20: {=IFERROR(IF(SUMPRODUCT((INPUT!$M$3:$M$1000=$B$3+5)*(INPUT!$N$3:$N$1000="M")*(INPUT!$O$3:$O$1000="RAYA"))=0,"",SUMPRODUCT((INPUT!$M$3:$M$1000=$B$3+5)*(INPUT!$N$3:$N$1000="M")*(INPUT!$O$3:$O$1000="RAYA")*INPUT!$Q$3:$Q$1000)),"")} | U20: =IFERROR(IF(OR(S20="",T20=""),"",S20-T20),"") | V20: {=IFERROR(IF(SUMPRODUCT((INPUT!$M$3:$M$1000=$B$3+6)*(INPUT!$N$3:$N$1000="M")*(INPUT!$O$3:$O$1000="RAYA"))=0,"",SUMPRODUCT((INPUT!$M$3:$M$1000=$B$3+6)*(INPUT!$N$3:$N$1000="M")*(INPUT!$O$3:$O$1000="RAYA")*INPUT!$P$3:$P$1000)),"")} | W20: {=IFERROR(IF(SUMPRODUCT((INPUT!$M$3:$M$1000=$B$3+6)*(INPUT!$N$3:$N$1000="M")*(INPUT!$O$3:$O$1000="RAYA"))=0,"",SUMPRODUCT((INPUT!$M$3:$M$1000=$B$3+6)*(INPUT!$N$3:$N$1000="M")*(INPUT!$O$3:$O$1000="RAYA")*INPUT!$Q$3:$Q$1000)),"")} | X20: =IFERROR(IF(OR(V20="",W20=""),"",V20-W20),"")
C21: T | D21: {=IFERROR(IF(SUMPRODUCT((INPUT!$M$3:$M$1000=$B$3+0)*(INPUT!$N$3:$N$1000="T")*(INPUT!$O$3:$O$1000="RAYA"))=0,"",SUMPRODUCT((INPUT!$M$3:$M$1000=$B$3+0)*(INPUT!$N$3:$N$1000="T")*(INPUT!$O$3:$O$1000="RAYA")*INPUT!$P$3:$P$1000)),"")} | E21: {=IFERROR(IF(SUMPRODUCT((INPUT!$M$3:$M$1000=$B$3+0)*(INPUT!$N$3:$N$1000="T")*(INPUT!$O$3:$O$1000="RAYA"))=0,"",SUMPRODUCT((INPUT!$M$3:$M$1000=$B$3+0)*(INPUT!$N$3:$N$1000="T")*(INPUT!$O$3:$O$1000="RAYA")*INPUT!$Q$3:$Q$1000)),"")} | F21: =IFERROR(IF(OR(D21="",E21=""),"",D21-E21),"") | G21: {=IFERROR(IF(SUMPRODUCT((INPUT!$M$3:$M$1000=$B$3+1)*(INPUT!$N$3:$N$1000="T")*(INPUT!$O$3:$O$1000="RAYA"))=0,"",SUMPRODUCT((INPUT!$M$3:$M$1000=$B$3+1)*(INPUT!$N$3:$N$1000="T")*(INPUT!$O$3:$O$1000="RAYA")*INPUT!$P$3:$P$1000)),"")} | H21: {=IFERROR(IF(SUMPRODUCT((INPUT!$M$3:$M$1000=$B$3+1)*(INPUT!$N$3:$N$1000="T")*(INPUT!$O$3:$O$1000="RAYA"))=0,"",SUMPRODUCT((INPUT!$M$3:$M$1000=$B$3+1)*(INPUT!$N$3:$N$1000="T")*(INPUT!$O$3:$O$1000="RAYA")*INPUT!$Q$3:$Q$1000)),"")} | I21: =IFERROR(IF(OR(G21="",H21=""),"",G21-H21),"") | J21: {=IFERROR(IF(SUMPRODUCT((INPUT!$M$3:$M$1000=$B$3+2)*(INPUT!$N$3:$N$1000="T")*(INPUT!$O$3:$O$1000="RAYA"))=0,"",SUMPRODUCT((INPUT!$M$3:$M$1000=$B$3+2)*(INPUT!$N$3:$N$1000="T")*(INPUT!$O$3:$O$1000="RAYA")*INPUT!$P$3:$P$1000)),"")} | K21: {=IFERROR(IF(SUMPRODUCT((INPUT!$M$3:$M$1000=$B$3+2)*(INPUT!$N$3:$N$1000="T")*(INPUT!$O$3:$O$1000="RAYA"))=0,"",SUMPRODUCT((INPUT!$M$3:$M$1000=$B$3+2)*(INPUT!$N$3:$N$1000="T")*(INPUT!$O$3:$O$1000="RAYA")*INPUT!$Q$3:$Q$1000)),"")} | L21: =IFERROR(IF(OR(J21="",K21=""),"",J21-K21),"") | M21: {=IFERROR(IF(SUMPRODUCT((INPUT!$M$3:$M$1000=$B$3+3)*(INPUT!$N$3:$N$1000="T")*(INPUT!$O$3:$O$1000="RAYA"))=0,"",SUMPRODUCT((INPUT!$M$3:$M$1000=$B$3+3)*(INPUT!$N$3:$N$1000="T")*(INPUT!$O$3:$O$1000="RAYA")*INPUT!$P$3:$P$1000)),"")} | N21: {=IFERROR(IF(SUMPRODUCT((INPUT!$M$3:$M$1000=$B$3+3)*(INPUT!$N$3:$N$1000="T")*(INPUT!$O$3:$O$1000="RAYA"))=0,"",SUMPRODUCT((INPUT!$M$3:$M$1000=$B$3+3)*(INPUT!$N$3:$N$1000="T")*(INPUT!$O$3:$O$1000="RAYA")*INPUT!$Q$3:$Q$1000)),"")} | O21: =IFERROR(IF(OR(M21="",N21=""),"",M21-N21),"") | P21: {=IFERROR(IF(SUMPRODUCT((INPUT!$M$3:$M$1000=$B$3+4)*(INPUT!$N$3:$N$1000="T")*(INPUT!$O$3:$O$1000="RAYA"))=0,"",SUMPRODUCT((INPUT!$M$3:$M$1000=$B$3+4)*(INPUT!$N$3:$N$1000="T")*(INPUT!$O$3:$O$1000="RAYA")*INPUT!$P$3:$P$1000)),"")} | Q21: {=IFERROR(IF(SUMPRODUCT((INPUT!$M$3:$M$1000=$B$3+4)*(INPUT!$N$3:$N$1000="T")*(INPUT!$O$3:$O$1000="RAYA"))=0,"",SUMPRODUCT((INPUT!$M$3:$M$1000=$B$3+4)*(INPUT!$N$3:$N$1000="T")*(INPUT!$O$3:$O$1000="RAYA")*INPUT!$Q$3:$Q$1000)),"")} | R21: =IFERROR(IF(OR(P21="",Q21=""),"",P21-Q21),"") | S21: {=IFERROR(IF(SUMPRODUCT((INPUT!$M$3:$M$1000=$B$3+5)*(INPUT!$N$3:$N$1000="T")*(INPUT!$O$3:$O$1000="RAYA"))=0,"",SUMPRODUCT((INPUT!$M$3:$M$1000=$B$3+5)*(INPUT!$N$3:$N$1000="T")*(INPUT!$O$3:$O$1000="RAYA")*INPUT!$P$3:$P$1000)),"")} -> 82.7 | T21: {=IFERROR(IF(SUMPRODUCT((INPUT!$M$3:$M$1000=$B$3+5)*(INPUT!$N$3:$N$1000="T")*(INPUT!$O$3:$O$1000="RAYA"))=0,"",SUMPRODUCT((INPUT!$M$3:$M$1000=$B$3+5)*(INPUT!$N$3:$N$1000="T")*(INPUT!$O$3:$O$1000="RAYA")*INPUT!$Q$3:$Q$1000)),"")} -> 79.3 | U21: =IFERROR(IF(OR(S21="",T21=""),"",S21-T21),"") -> 3.4 | V21: {=IFERROR(IF(SUMPRODUCT((INPUT!$M$3:$M$1000=$B$3+6)*(INPUT!$N$3:$N$1000="T")*(INPUT!$O$3:$O$1000="RAYA"))=0,"",SUMPRODUCT((INPUT!$M$3:$M$1000=$B$3+6)*(INPUT!$N$3:$N$1000="T")*(INPUT!$O$3:$O$1000="RAYA")*INPUT!$P$3:$P$1000)),"")} | W21: {=IFERROR(IF(SUMPRODUCT((INPUT!$M$3:$M$1000=$B$3+6)*(INPUT!$N$3:$N$1000="T")*(INPUT!$O$3:$O$1000="RAYA"))=0,"",SUMPRODUCT((INPUT!$M$3:$M$1000=$B$3+6)*(INPUT!$N$3:$N$1000="T")*(INPUT!$O$3:$O$1000="RAYA")*INPUT!$Q$3:$Q$1000)),"")} | X21: =IFERROR(IF(OR(V21="",W21=""),"",V21-W21),"")
A22: 9 | B22: JAVI | C22: M | D22: {=IFERROR(IF(SUMPRODUCT((INPUT!$M$3:$M$1000=$B$3+0)*(INPUT!$N$3:$N$1000="M")*(INPUT!$O$3:$O$1000="JAVI"))=0,"",SUMPRODUCT((INPUT!$M$3:$M$1000=$B$3+0)*(INPUT!$N$3:$N$1000="M")*(INPUT!$O$3:$O$1000="JAVI")*INPUT!$P$3:$P$1000)),"")} | E22: {=IFERROR(IF(SUMPRODUCT((INPUT!$M$3:$M$1000=$B$3+0)*(INPUT!$N$3:$N$1000="M")*(INPUT!$O$3:$O$1000="JAVI"))=0,"",SUMPRODUCT((INPUT!$M$3:$M$1000=$B$3+0)*(INPUT!$N$3:$N$1000="M")*(INPUT!$O$3:$O$1000="JAVI")*INPUT!$Q$3:$Q$1000)),"")} | F22: =IFERROR(IF(OR(D22="",E22=""),"",D22-E22),"") | G22: {=IFERROR(IF(SUMPRODUCT((INPUT!$M$3:$M$1000=$B$3+1)*(INPUT!$N$3:$N$1000="M")*(INPUT!$O$3:$O$1000="JAVI"))=0,"",SUMPRODUCT((INPUT!$M$3:$M$1000=$B$3+1)*(INPUT!$N$3:$N$1000="M")*(INPUT!$O$3:$O$1000="JAVI")*INPUT!$P$3:$P$1000)),"")} -> 79.9 | H22: {=IFERROR(IF(SUMPRODUCT((INPUT!$M$3:$M$1000=$B$3+1)*(INPUT!$N$3:$N$1000="M")*(INPUT!$O$3:$O$1000="JAVI"))=0,"",SUMPRODUCT((INPUT!$M$3:$M$1000=$B$3+1)*(INPUT!$N$3:$N$1000="M")*(INPUT!$O$3:$O$1000="JAVI")*INPUT!$Q$3:$Q$1000)),"")} -> 79.9 | I22: =IFERROR(IF(OR(G22="",H22=""),"",G22-H22),"") -> 0 | J22: {=IFERROR(IF(SUMPRODUCT((INPUT!$M$3:$M$1000=$B$3+2)*(INPUT!$N$3:$N$1000="M")*(INPUT!$O$3:$O$1000="JAVI"))=0,"",SUMPRODUCT((INPUT!$M$3:$M$1000=$B$3+2)*(INPUT!$N$3:$N$1000="M")*(INPUT!$O$3:$O$1000="JAVI")*INPUT!$P$3:$P$1000)),"")} -> 79.8 | K22: {=IFERROR(IF(SUMPRODUCT((INPUT!$M$3:$M$1000=$B$3+2)*(INPUT!$N$3:$N$1000="M")*(INPUT!$O$3:$O$1000="JAVI"))=0,"",SUMPRODUCT((INPUT!$M$3:$M$1000=$B$3+2)*(INPUT!$N$3:$N$1000="M")*(INPUT!$O$3:$O$1000="JAVI")*INPUT!$Q$3:$Q$1000)),"")} -> 79.6 | L22: =IFERROR(IF(OR(J22="",K22=""),"",J22-K22),"") -> 0.2 | M22: {=IFERROR(IF(SUMPRODUCT((INPUT!$M$3:$M$1000=$B$3+3)*(INPUT!$N$3:$N$1000="M")*(INPUT!$O$3:$O$1000="JAVI"))=0,"",SUMPRODUCT((INPUT!$M$3:$M$1000=$B$3+3)*(INPUT!$N$3:$N$1000="M")*(INPUT!$O$3:$O$1000="JAVI")*INPUT!$P$3:$P$1000)),"")} -> 79.8 | N22: {=IFERROR(IF(SUMPRODUCT((INPUT!$M$3:$M$1000=$B$3+3)*(INPUT!$N$3:$N$1000="M")*(INPUT!$O$3:$O$1000="JAVI"))=0,"",SUMPRODUCT((INPUT!$M$3:$M$1000=$B$3+3)*(INPUT!$N$3:$N$1000="M")*(INPUT!$O$3:$O$1000="JAVI")*INPUT!$Q$3:$Q$1000)),"")} -> 79.6 | O22: =IFERROR(IF(OR(M22="",N22=""),"",M22-N22),"") -> 0.2 | P22: {=IFERROR(IF(SUMPRODUCT((INPUT!$M$3:$M$1000=$B$3+4)*(INPUT!$N$3:$N$1000="M")*(INPUT!$O$3:$O$1000="JAVI"))=0,"",SUMPRODUCT((INPUT!$M$3:$M$1000=$B$3+4)*(INPUT!$N$3:$N$1000="M")*(INPUT!$O$3:$O$1000="JAVI")*INPUT!$P$3:$P$1000)),"")} -> 80.5 | Q22: {=IFERROR(IF(SUMPRODUCT((INPUT!$M$3:$M$1000=$B$3+4)*(INPUT!$N$3:$N$1000="M")*(INPUT!$O$3:$O$1000="JAVI"))=0,"",SUMPRODUCT((INPUT!$M$3:$M$1000=$B$3+4)*(INPUT!$N$3:$N$1000="M")*(INPUT!$O$3:$O$1000="JAVI")*INPUT!$Q$3:$Q$1000)),"")} -> 80.2 | R22: =IFERROR(IF(OR(P22="",Q22=""),"",P22-Q22),"") -> 0.3 | S22: {=IFERROR(IF(SUMPRODUCT((INPUT!$M$3:$M$1000=$B$3+5)*(INPUT!$N$3:$N$1000="M")*(INPUT!$O$3:$O$1000="JAVI"))=0,"",SUMPRODUCT((INPUT!$M$3:$M$1000=$B$3+5)*(INPUT!$N$3:$N$1000="M")*(INPUT!$O$3:$O$1000="JAVI")*INPUT!$P$3:$P$1000)),"")} | T22: {=IFERROR(IF(SUMPRODUCT((INPUT!$M$3:$M$1000=$B$3+5)*(INPUT!$N$3:$N$1000="M")*(INPUT!$O$3:$O$1000="JAVI"))=0,"",SUMPRODUCT((INPUT!$M$3:$M$1000=$B$3+5)*(INPUT!$N$3:$N$1000="M")*(INPUT!$O$3:$O$1000="JAVI")*INPUT!$Q$3:$Q$1000)),"")} | U22: =IFERROR(IF(OR(S22="",T22=""),"",S22-T22),"") | V22: {=IFERROR(IF(SUMPRODUCT((INPUT!$M$3:$M$1000=$B$3+6)*(INPUT!$N$3:$N$1000="M")*(INPUT!$O$3:$O$1000="JAVI"))=0,"",SUMPRODUCT((INPUT!$M$3:$M$1000=$B$3+6)*(INPUT!$N$3:$N$1000="M")*(INPUT!$O$3:$O$1000="JAVI")*INPUT!$P$3:$P$1000)),"")} | W22: {=IFERROR(IF(SUMPRODUCT((INPUT!$M$3:$M$1000=$B$3+6)*(INPUT!$N$3:$N$1000="M")*(INPUT!$O$3:$O$1000="JAVI"))=0,"",SUMPRODUCT((INPUT!$M$3:$M$1000=$B$3+6)*(INPUT!$N$3:$N$1000="M")*(INPUT!$O$3:$O$1000="JAVI")*INPUT!$Q$3:$Q$1000)),"")} | X22: =IFERROR(IF(OR(V22="",W22=""),"",V22-W22),"")
C23: T | D23: {=IFERROR(IF(SUMPRODUCT((INPUT!$M$3:$M$1000=$B$3+0)*(INPUT!$N$3:$N$1000="T")*(INPUT!$O$3:$O$1000="JAVI"))=0,"",SUMPRODUCT((INPUT!$M$3:$M$1000=$B$3+0)*(INPUT!$N$3:$N$1000="T")*(INPUT!$O$3:$O$1000="JAVI")*INPUT!$P$3:$P$1000)),"")} | E23: {=IFERROR(IF(SUMPRODUCT((INPUT!$M$3:$M$1000=$B$3+0)*(INPUT!$N$3:$N$1000="T")*(INPUT!$O$3:$O$1000="JAVI"))=0,"",SUMPRODUCT((INPUT!$M$3:$M$1000=$B$3+0)*(INPUT!$N$3:$N$1000="T")*(INPUT!$O$3:$O$1000="JAVI")*INPUT!$Q$3:$Q$1000)),"")} | F23: =IFERROR(IF(OR(D23="",E23=""),"",D23-E23),"") | G23: {=IFERROR(IF(SUMPRODUCT((INPUT!$M$3:$M$1000=$B$3+1)*(INPUT!$N$3:$N$1000="T")*(INPUT!$O$3:$O$1000="JAVI"))=0,"",SUMPRODUCT((INPUT!$M$3:$M$1000=$B$3+1)*(INPUT!$N$3:$N$1000="T")*(INPUT!$O$3:$O$1000="JAVI")*INPUT!$P$3:$P$1000)),"")} | H23: {=IFERROR(IF(SUMPRODUCT((INPUT!$M$3:$M$1000=$B$3+1)*(INPUT!$N$3:$N$1000="T")*(INPUT!$O$3:$O$1000="JAVI"))=0,"",SUMPRODUCT((INPUT!$M$3:$M$1000=$B$3+1)*(INPUT!$N$3:$N$1000="T")*(INPUT!$O$3:$O$1000="JAVI")*INPUT!$Q$3:$Q$1000)),"")} | I23: =IFERROR(IF(OR(G23="",H23=""),"",G23-H23),"") | J23: {=IFERROR(IF(SUMPRODUCT((INPUT!$M$3:$M$1000=$B$3+2)*(INPUT!$N$3:$N$1000="T")*(INPUT!$O$3:$O$1000="JAVI"))=0,"",SUMPRODUCT((INPUT!$M$3:$M$1000=$B$3+2)*(INPUT!$N$3:$N$1000="T")*(INPUT!$O$3:$O$1000="JAVI")*INPUT!$P$3:$P$1000)),"")} | K23: {=IFERROR(IF(SUMPRODUCT((INPUT!$M$3:$M$1000=$B$3+2)*(INPUT!$N$3:$N$1000="T")*(INPUT!$O$3:$O$1000="JAVI"))=0,"",SUMPRODUCT((INPUT!$M$3:$M$1000=$B$3+2)*(INPUT!$N$3:$N$1000="T")*(INPUT!$O$3:$O$1000="JAVI")*INPUT!$Q$3:$Q$1000)),"")} | L23: =IFERROR(IF(OR(J23="",K23=""),"",J23-K23),"") | M23: {=IFERROR(IF(SUMPRODUCT((INPUT!$M$3:$M$1000=$B$3+3)*(INPUT!$N$3:$N$1000="T")*(INPUT!$O$3:$O$1000="JAVI"))=0,"",SUMPRODUCT((INPUT!$M$3:$M$1000=$B$3+3)*(INPUT!$N$3:$N$1000="T")*(INPUT!$O$3:$O$1000="JAVI")*INPUT!$P$3:$P$1000)),"")} | N23: {=IFERROR(IF(SUMPRODUCT((INPUT!$M$3:$M$1000=$B$3+3)*(INPUT!$N$3:$N$1000="T")*(INPUT!$O$3:$O$1000="JAVI"))=0,"",SUMPRODUCT((INPUT!$M$3:$M$1000=$B$3+3)*(INPUT!$N$3:$N$1000="T")*(INPUT!$O$3:$O$1000="JAVI")*INPUT!$Q$3:$Q$1000)),"")} | O23: =IFERROR(IF(OR(M23="",N23=""),"",M23-N23),"") | P23: {=IFERROR(IF(SUMPRODUCT((INPUT!$M$3:$M$1000=$B$3+4)*(INPUT!$N$3:$N$1000="T")*(INPUT!$O$3:$O$1000="JAVI"))=0,"",SUMPRODUCT((INPUT!$M$3:$M$1000=$B$3+4)*(INPUT!$N$3:$N$1000="T")*(INPUT!$O$3:$O$1000="JAVI")*INPUT!$P$3:$P$1000)),"")} | Q23: {=IFERROR(IF(SUMPRODUCT((INPUT!$M$3:$M$1000=$B$3+4)*(INPUT!$N$3:$N$1000="T")*(INPUT!$O$3:$O$1000="JAVI"))=0,"",SUMPRODUCT((INPUT!$M$3:$M$1000=$B$3+4)*(INPUT!$N$3:$N$1000="T")*(INPUT!$O$3:$O$1000="JAVI")*INPUT!$Q$3:$Q$1000)),"")} | R23: =IFERROR(IF(OR(P23="",Q23=""),"",P23-Q23),"") | S23: {=IFERROR(IF(SUMPRODUCT((INPUT!$M$3:$M$1000=$B$3+5)*(INPUT!$N$3:$N$1000="T")*(INPUT!$O$3:$O$1000="JAVI"))=0,"",SUMPRODUCT((INPUT!$M$3:$M$1000=$B$3+5)*(INPUT!$N$3:$N$1000="T")*(INPUT!$O$3:$O$1000="JAVI")*INPUT!$P$3:$P$1000)),"")} -> 79.3 | T23: {=IFERROR(IF(SUMPRODUCT((INPUT!$M$3:$M$1000=$B$3+5)*(INPUT!$N$3:$N$1000="T")*(INPUT!$O$3:$O$1000="JAVI"))=0,"",SUMPRODUCT((INPUT!$M$3:$M$1000=$B$3+5)*(INPUT!$N$3:$N$1000="T")*(INPUT!$O$3:$O$1000="JAVI")*INPUT!$Q$3:$Q$1000)),"")} -> 79.4 | U23: =IFERROR(IF(OR(S23="",T23=""),"",S23-T23),"") -> -0.1 | V23: {=IFERROR(IF(SUMPRODUCT((INPUT!$M$3:$M$1000=$B$3+6)*(INPUT!$N$3:$N$1000="T")*(INPUT!$O$3:$O$1000="JAVI"))=0,"",SUMPRODUCT((INPUT!$M$3:$M$1000=$B$3+6)*(INPUT!$N$3:$N$1000="T")*(INPUT!$O$3:$O$1000="JAVI")*INPUT!$P$3:$P$1000)),"")} | W23: {=IFERROR(IF(SUMPRODUCT((INPUT!$M$3:$M$1000=$B$3+6)*(INPUT!$N$3:$N$1000="T")*(INPUT!$O$3:$O$1000="JAVI"))=0,"",SUMPRODUCT((INPUT!$M$3:$M$1000=$B$3+6)*(INPUT!$N$3:$N$1000="T")*(INPUT!$O$3:$O$1000="JAVI")*INPUT!$Q$3:$Q$1000)),"")} | X23: =IFERROR(IF(OR(V23="",W23=""),"",V23-W23),"")
A24: 10 | B24: PANI | C24: M | D24: {=IFERROR(IF(SUMPRODUCT((INPUT!$M$3:$M$1000=$B$3+0)*(INPUT!$N$3:$N$1000="M")*(INPUT!$O$3:$O$1000="PANI"))=0,"",SUMPRODUCT((INPUT!$M$3:$M$1000=$B$3+0)*(INPUT!$N$3:$N$1000="M")*(INPUT!$O$3:$O$1000="PANI")*INPUT!$P$3:$P$1000)),"")} | E24: {=IFERROR(IF(SUMPRODUCT((INPUT!$M$3:$M$1000=$B$3+0)*(INPUT!$N$3:$N$1000="M")*(INPUT!$O$3:$O$1000="PANI"))=0,"",SUMPRODUCT((INPUT!$M$3:$M$1000=$B$3+0)*(INPUT!$N$3:$N$1000="M")*(INPUT!$O$3:$O$1000="PANI")*INPUT!$Q$3:$Q$1000)),"")} | F24: =IFERROR(IF(OR(D24="",E24=""),"",D24-E24),"") | G24: {=IFERROR(IF(SUMPRODUCT((INPUT!$M$3:$M$1000=$B$3+1)*(INPUT!$N$3:$N$1000="M")*(INPUT!$O$3:$O$1000="PANI"))=0,"",SUMPRODUCT((INPUT!$M$3:$M$1000=$B$3+1)*(INPUT!$N$3:$N$1000="M")*(INPUT!$O$3:$O$1000="PANI")*INPUT!$P$3:$P$1000)),"")} -> 71.4 | H24: {=IFERROR(IF(SUMPRODUCT((INPUT!$M$3:$M$1000=$B$3+1)*(INPUT!$N$3:$N$1000="M")*(INPUT!$O$3:$O$1000="PANI"))=0,"",SUMPRODUCT((INPUT!$M$3:$M$1000=$B$3+1)*(INPUT!$N$3:$N$1000="M")*(INPUT!$O$3:$O$1000="PANI")*INPUT!$Q$3:$Q$1000)),"")} -> 71 | I24: =IFERROR(IF(OR(G24="",H24=""),"",G24-H24),"") -> 0.4 | J24: {=IFERROR(IF(SUMPRODUCT((INPUT!$M$3:$M$1000=$B$3+2)*(INPUT!$N$3:$N$1000="M")*(INPUT!$O$3:$O$1000="PANI"))=0,"",SUMPRODUCT((INPUT!$M$3:$M$1000=$B$3+2)*(INPUT!$N$3:$N$1000="M")*(INPUT!$O$3:$O$1000="PANI")*INPUT!$P$3:$P$1000)),"")} -> 71 | K24: {=IFERROR(IF(SUMPRODUCT((INPUT!$M$3:$M$1000=$B$3+2)*(INPUT!$N$3:$N$1000="M")*(INPUT!$O$3:$O$1000="PANI"))=0,"",SUMPRODUCT((INPUT!$M$3:$M$1000=$B$3+2)*(INPUT!$N$3:$N$1000="M")*(INPUT!$O$3:$O$1000="PANI")*INPUT!$Q$3:$Q$1000)),"")} -> 70.8 | L24: =IFERROR(IF(OR(J24="",K24=""),"",J24-K24),"") -> 0.2 | M24: {=IFERROR(IF(SUMPRODUCT((INPUT!$M$3:$M$1000=$B$3+3)*(INPUT!$N$3:$N$1000="M")*(INPUT!$O$3:$O$1000="PANI"))=0,"",SUMPRODUCT((INPUT!$M$3:$M$1000=$B$3+3)*(INPUT!$N$3:$N$1000="M")*(INPUT!$O$3:$O$1000="PANI")*INPUT!$P$3:$P$1000)),"")} -> 71 | N24: {=IFERROR(IF(SUMPRODUCT((INPUT!$M$3:$M$1000=$B$3+3)*(INPUT!$N$3:$N$1000="M")*(INPUT!$O$3:$O$1000="PANI"))=0,"",SUMPRODUCT((INPUT!$M$3:$M$1000=$B$3+3)*(INPUT!$N$3:$N$1000="M")*(INPUT!$O$3:$O$1000="PANI")*INPUT!$Q$3:$Q$1000)),"")} -> 70.8 | O24: =IFERROR(IF(OR(M24="",N24=""),"",M24-N24),"") -> 0.2 | P24: {=IFERROR(IF(SUMPRODUCT((INPUT!$M$3:$M$1000=$B$3+4)*(INPUT!$N$3:$N$1000="M")*(INPUT!$O$3:$O$1000="PANI"))=0,"",SUMPRODUCT((INPUT!$M$3:$M$1000=$B$3+4)*(INPUT!$N$3:$N$1000="M")*(INPUT!$O$3:$O$1000="PANI")*INPUT!$P$3:$P$1000)),"")} -> 71.6 | Q24: {=IFERROR(IF(SUMPRODUCT((INPUT!$M$3:$M$1000=$B$3+4)*(INPUT!$N$3:$N$1000="M")*(INPUT!$O$3:$O$1000="PANI"))=0,"",SUMPRODUCT((INPUT!$M$3:$M$1000=$B$3+4)*(INPUT!$N$3:$N$1000="M")*(INPUT!$O$3:$O$1000="PANI")*INPUT!$Q$3:$Q$1000)),"")} -> 71.4 | R24: =IFERROR(IF(OR(P24="",Q24=""),"",P24-Q24),"") -> 0.2 | S24: {=IFERROR(IF(SUMPRODUCT((INPUT!$M$3:$M$1000=$B$3+5)*(INPUT!$N$3:$N$1000="M")*(INPUT!$O$3:$O$1000="PANI"))=0,"",SUMPRODUCT((INPUT!$M$3:$M$1000=$B$3+5)*(INPUT!$N$3:$N$1000="M")*(INPUT!$O$3:$O$1000="PANI")*INPUT!$P$3:$P$1000)),"")} | T24: {=IFERROR(IF(SUMPRODUCT((INPUT!$M$3:$M$1000=$B$3+5)*(INPUT!$N$3:$N$1000="M")*(INPUT!$O$3:$O$1000="PANI"))=0,"",SUMPRODUCT((INPUT!$M$3:$M$1000=$B$3+5)*(INPUT!$N$3:$N$1000="M")*(INPUT!$O$3:$O$1000="PANI")*INPUT!$Q$3:$Q$1000)),"")} | U24: =IFERROR(IF(OR(S24="",T24=""),"",S24-T24),"") | V24: {=IFERROR(IF(SUMPRODUCT((INPUT!$M$3:$M$1000=$B$3+6)*(INPUT!$N$3:$N$1000="M")*(INPUT!$O$3:$O$1000="PANI"))=0,"",SUMPRODUCT((INPUT!$M$3:$M$1000=$B$3+6)*(INPUT!$N$3:$N$1000="M")*(INPUT!$O$3:$O$1000="PANI")*INPUT!$P$3:$P$1000)),"")} | W24: {=IFERROR(IF(SUMPRODUCT((INPUT!$M$3:$M$1000=$B$3+6)*(INPUT!$N$3:$N$1000="M")*(INPUT!$O$3:$O$1000="PANI"))=0,"",SUMPRODUCT((INPUT!$M$3:$M$1000=$B$3+6)*(INPUT!$N$3:$N$1000="M")*(INPUT!$O$3:$O$1000="PANI")*INPUT!$Q$3:$Q$1000)),"")} | X24: =IFERROR(IF(OR(V24="",W24=""),"",V24-W24),"")
C25: T | D25: {=IFERROR(IF(SUMPRODUCT((INPUT!$M$3:$M$1000=$B$3+0)*(INPUT!$N$3:$N$1000="T")*(INPUT!$O$3:$O$1000="PANI"))=0,"",SUMPRODUCT((INPUT!$M$3:$M$1000=$B$3+0)*(INPUT!$N$3:$N$1000="T")*(INPUT!$O$3:$O$1000="PANI")*INPUT!$P$3:$P$1000)),"")} | E25: {=IFERROR(IF(SUMPRODUCT((INPUT!$M$3:$M$1000=$B$3+0)*(INPUT!$N$3:$N$1000="T")*(INPUT!$O$3:$O$1000="PANI"))=0,"",SUMPRODUCT((INPUT!$M$3:$M$1000=$B$3+0)*(INPUT!$N$3:$N$1000="T")*(INPUT!$O$3:$O$1000="PANI")*INPUT!$Q$3:$Q$1000)),"")} | F25: =IFERROR(IF(OR(D25="",E25=""),"",D25-E25),"") | G25: {=IFERROR(IF(SUMPRODUCT((INPUT!$M$3:$M$1000=$B$3+1)*(INPUT!$N$3:$N$1000="T")*(INPUT!$O$3:$O$1000="PANI"))=0,"",SUMPRODUCT((INPUT!$M$3:$M$1000=$B$3+1)*(INPUT!$N$3:$N$1000="T")*(INPUT!$O$3:$O$1000="PANI")*INPUT!$P$3:$P$1000)),"")} | H25: {=IFERROR(IF(SUMPRODUCT((INPUT!$M$3:$M$1000=$B$3+1)*(INPUT!$N$3:$N$1000="T")*(INPUT!$O$3:$O$1000="PANI"))=0,"",SUMPRODUCT((INPUT!$M$3:$M$1000=$B$3+1)*(INPUT!$N$3:$N$1000="T")*(INPUT!$O$3:$O$1000="PANI")*INPUT!$Q$3:$Q$1000)),"")} | I25: =IFERROR(IF(OR(G25="",H25=""),"",G25-H25),"") | J25: {=IFERROR(IF(SUMPRODUCT((INPUT!$M$3:$M$1000=$B$3+2)*(INPUT!$N$3:$N$1000="T")*(INPUT!$O$3:$O$1000="PANI"))=0,"",SUMPRODUCT((INPUT!$M$3:$M$1000=$B$3+2)*(INPUT!$N$3:$N$1000="T")*(INPUT!$O$3:$O$1000="PANI")*INPUT!$P$3:$P$1000)),"")} | K25: {=IFERROR(IF(SUMPRODUCT((INPUT!$M$3:$M$1000=$B$3+2)*(INPUT!$N$3:$N$1000="T")*(INPUT!$O$3:$O$1000="PANI"))=0,"",SUMPRODUCT((INPUT!$M$3:$M$1000=$B$3+2)*(INPUT!$N$3:$N$1000="T")*(INPUT!$O$3:$O$1000="PANI")*INPUT!$Q$3:$Q$1000)),"")} | L25: =IFERROR(IF(OR(J25="",K25=""),"",J25-K25),"") | M25: {=IFERROR(IF(SUMPRODUCT((INPUT!$M$3:$M$1000=$B$3+3)*(INPUT!$N$3:$N$1000="T")*(INPUT!$O$3:$O$1000="PANI"))=0,"",SUMPRODUCT((INPUT!$M$3:$M$1000=$B$3+3)*(INPUT!$N$3:$N$1000="T")*(INPUT!$O$3:$O$1000="PANI")*INPUT!$P$3:$P$1000)),"")} | N25: {=IFERROR(IF(SUMPRODUCT((INPUT!$M$3:$M$1000=$B$3+3)*(INPUT!$N$3:$N$1000="T")*(INPUT!$O$3:$O$1000="PANI"))=0,"",SUMPRODUCT((INPUT!$M$3:$M$1000=$B$3+3)*(INPUT!$N$3:$N$1000="T")*(INPUT!$O$3:$O$1000="PANI")*INPUT!$Q$3:$Q$1000)),"")} | O25: =IFERROR(IF(OR(M25="",N25=""),"",M25-N25),"") | P25: {=IFERROR(IF(SUMPRODUCT((INPUT!$M$3:$M$1000=$B$3+4)*(INPUT!$N$3:$N$1000="T")*(INPUT!$O$3:$O$1000="PANI"))=0,"",SUMPRODUCT((INPUT!$M$3:$M$1000=$B$3+4)*(INPUT!$N$3:$N$1000="T")*(INPUT!$O$3:$O$1000="PANI")*INPUT!$P$3:$P$1000)),"")} | Q25: {=IFERROR(IF(SUMPRODUCT((INPUT!$M$3:$M$1000=$B$3+4)*(INPUT!$N$3:$N$1000="T")*(INPUT!$O$3:$O$1000="PANI"))=0,"",SUMPRODUCT((INPUT!$M$3:$M$1000=$B$3+4)*(INPUT!$N$3:$N$1000="T")*(INPUT!$O$3:$O$1000="PANI")*INPUT!$Q$3:$Q$1000)),"")} | R25: =IFERROR(IF(OR(P25="",Q25=""),"",P25-Q25),"") | S25: {=IFERROR(IF(SUMPRODUCT((INPUT!$M$3:$M$1000=$B$3+5)*(INPUT!$N$3:$N$1000="T")*(INPUT!$O$3:$O$1000="PANI"))=0,"",SUMPRODUCT((INPUT!$M$3:$M$1000=$B$3+5)*(INPUT!$N$3:$N$1000="T")*(INPUT!$O$3:$O$1000="PANI")*INPUT!$P$3:$P$1000)),"")} -> 71.5 | T25: {=IFERROR(IF(SUMPRODUCT((INPUT!$M$3:$M$1000=$B$3+5)*(INPUT!$N$3:$N$1000="T")*(INPUT!$O$3:$O$1000="PANI"))=0,"",SUMPRODUCT((INPUT!$M$3:$M$1000=$B$3+5)*(INPUT!$N$3:$N$1000="T")*(INPUT!$O$3:$O$1000="PANI")*INPUT!$Q$3:$Q$1000)),"")} -> 71.4 | U25: =IFERROR(IF(OR(S25="",T25=""),"",S25-T25),"") -> 0.1 | V25: {=IFERROR(IF(SUMPRODUCT((INPUT!$M$3:$M$1000=$B$3+6)*(INPUT!$N$3:$N$1000="T")*(INPUT!$O$3:$O$1000="PANI"))=0,"",SUMPRODUCT((INPUT!$M$3:$M$1000=$B$3+6)*(INPUT!$N$3:$N$1000="T")*(INPUT!$O$3:$O$1000="PANI")*INPUT!$P$3:$P$1000)),"")} | W25: {=IFERROR(IF(SUMPRODUCT((INPUT!$M$3:$M$1000=$B$3+6)*(INPUT!$N$3:$N$1000="T")*(INPUT!$O$3:$O$1000="PANI"))=0,"",SUMPRODUCT((INPUT!$M$3:$M$1000=$B$3+6)*(INPUT!$N$3:$N$1000="T")*(INPUT!$O$3:$O$1000="PANI")*INPUT!$Q$3:$Q$1000)),"")} | X25: =IFERROR(IF(OR(V25="",W25=""),"",V25-W25),"")
A26: 11 | B26: PIRATA | C26: M | D26: {=IFERROR(IF(SUMPRODUCT((INPUT!$M$3:$M$1000=$B$3+0)*(INPUT!$N$3:$N$1000="M")*(INPUT!$O$3:$O$1000="PIRATA"))=0,"",SUMPRODUCT((INPUT!$M$3:$M$1000=$B$3+0)*(INPUT!$N$3:$N$1000="M")*(INPUT!$O$3:$O$1000="PIRATA")*INPUT!$P$3:$P$1000)),"")} | E26: {=IFERROR(IF(SUMPRODUCT((INPUT!$M$3:$M$1000=$B$3+0)*(INPUT!$N$3:$N$1000="M")*(INPUT!$O$3:$O$1000="PIRATA"))=0,"",SUMPRODUCT((INPUT!$M$3:$M$1000=$B$3+0)*(INPUT!$N$3:$N$1000="M")*(INPUT!$O$3:$O$1000="PIRATA")*INPUT!$Q$3:$Q$1000)),"")} | F26: =IFERROR(IF(OR(D26="",E26=""),"",D26-E26),"") | G26: {=IFERROR(IF(SUMPRODUCT((INPUT!$M$3:$M$1000=$B$3+1)*(INPUT!$N$3:$N$1000="M")*(INPUT!$O$3:$O$1000="PIRATA"))=0,"",SUMPRODUCT((INPUT!$M$3:$M$1000=$B$3+1)*(INPUT!$N$3:$N$1000="M")*(INPUT!$O$3:$O$1000="PIRATA")*INPUT!$P$3:$P$1000)),"")} -> 75.7 | H26: {=IFERROR(IF(SUMPRODUCT((INPUT!$M$3:$M$1000=$B$3+1)*(INPUT!$N$3:$N$1000="M")*(INPUT!$O$3:$O$1000="PIRATA"))=0,"",SUMPRODUCT((INPUT!$M$3:$M$1000=$B$3+1)*(INPUT!$N$3:$N$1000="M")*(INPUT!$O$3:$O$1000="PIRATA")*INPUT!$Q$3:$Q$1000)),"")} -> 75 | I26: =IFERROR(IF(OR(G26="",H26=""),"",G26-H26),"") -> 0.7 | J26: {=IFERROR(IF(SUMPRODUCT((INPUT!$M$3:$M$1000=$B$3+2)*(INPUT!$N$3:$N$1000="M")*(INPUT!$O$3:$O$1000="PIRATA"))=0,"",SUMPRODUCT((INPUT!$M$3:$M$1000=$B$3+2)*(INPUT!$N$3:$N$1000="M")*(INPUT!$O$3:$O$1000="PIRATA")*INPUT!$P$3:$P$1000)),"")} -> 75.8 | K26: {=IFERROR(IF(SUMPRODUCT((INPUT!$M$3:$M$1000=$B$3+2)*(INPUT!$N$3:$N$1000="M")*(INPUT!$O$3:$O$1000="PIRATA"))=0,"",SUMPRODUCT((INPUT!$M$3:$M$1000=$B$3+2)*(INPUT!$N$3:$N$1000="M")*(INPUT!$O$3:$O$1000="PIRATA")*INPUT!$Q$3:$Q$1000)),"")} -> 75.1 | L26: =IFERROR(IF(OR(J26="",K26=""),"",J26-K26),"") -> 0.7 | M26: {=IFERROR(IF(SUMPRODUCT((INPUT!$M$3:$M$1000=$B$3+3)*(INPUT!$N$3:$N$1000="M")*(INPUT!$O$3:$O$1000="PIRATA"))=0,"",SUMPRODUCT((INPUT!$M$3:$M$1000=$B$3+3)*(INPUT!$N$3:$N$1000="M")*(INPUT!$O$3:$O$1000="PIRATA")*INPUT!$P$3:$P$1000)),"")} -> 75.8 | N26: {=IFERROR(IF(SUMPRODUCT((INPUT!$M$3:$M$1000=$B$3+3)*(INPUT!$N$3:$N$1000="M")*(INPUT!$O$3:$O$1000="PIRATA"))=0,"",SUMPRODUCT((INPUT!$M$3:$M$1000=$B$3+3)*(INPUT!$N$3:$N$1000="M")*(INPUT!$O$3:$O$1000="PIRATA")*INPUT!$Q$3:$Q$1000)),"")} -> 75.1 | O26: =IFERROR(IF(OR(M26="",N26=""),"",M26-N26),"") -> 0.7 | P26: {=IFERROR(IF(SUMPRODUCT((INPUT!$M$3:$M$1000=$B$3+4)*(INPUT!$N$3:$N$1000="M")*(INPUT!$O$3:$O$1000="PIRATA"))=0,"",SUMPRODUCT((INPUT!$M$3:$M$1000=$B$3+4)*(INPUT!$N$3:$N$1000="M")*(INPUT!$O$3:$O$1000="PIRATA")*INPUT!$P$3:$P$1000)),"")} -> 75.6 | Q26: {=IFERROR(IF(SUMPRODUCT((INPUT!$M$3:$M$1000=$B$3+4)*(INPUT!$N$3:$N$1000="M")*(INPUT!$O$3:$O$1000="PIRATA"))=0,"",SUMPRODUCT((INPUT!$M$3:$M$1000=$B$3+4)*(INPUT!$N$3:$N$1000="M")*(INPUT!$O$3:$O$1000="PIRATA")*INPUT!$Q$3:$Q$1000)),"")} -> 75.5 | R26: =IFERROR(IF(OR(P26="",Q26=""),"",P26-Q26),"") -> 0.1 | S26: {=IFERROR(IF(SUMPRODUCT((INPUT!$M$3:$M$1000=$B$3+5)*(INPUT!$N$3:$N$1000="M")*(INPUT!$O$3:$O$1000="PIRATA"))=0,"",SUMPRODUCT((INPUT!$M$3:$M$1000=$B$3+5)*(INPUT!$N$3:$N$1000="M")*(INPUT!$O$3:$O$1000="PIRATA")*INPUT!$P$3:$P$1000)),"")} | T26: {=IFERROR(IF(SUMPRODUCT((INPUT!$M$3:$M$1000=$B$3+5)*(INPUT!$N$3:$N$1000="M")*(INPUT!$O$3:$O$1000="PIRATA"))=0,"",SUMPRODUCT((INPUT!$M$3:$M$1000=$B$3+5)*(INPUT!$N$3:$N$1000="M")*(INPUT!$O$3:$O$1000="PIRATA")*INPUT!$Q$3:$Q$1000)),"")} | U26: =IFERROR(IF(OR(S26="",T26=""),"",S26-T26),"") | V26: {=IFERROR(IF(SUMPRODUCT((INPUT!$M$3:$M$1000=$B$3+6)*(INPUT!$N$3:$N$1000="M")*(INPUT!$O$3:$O$1000="PIRATA"))=0,"",SUMPRODUCT((INPUT!$M$3:$M$1000=$B$3+6)*(INPUT!$N$3:$N$1000="M")*(INPUT!$O$3:$O$1000="PIRATA")*INPUT!$P$3:$P$1000)),"")} | W26: {=IFERROR(IF(SUMPRODUCT((INPUT!$M$3:$M$1000=$B$3+6)*(INPUT!$N$3:$N$1000="M")*(INPUT!$O$3:$O$1000="PIRATA"))=0,"",SUMPRODUCT((INPUT!$M$3:$M$1000=$B$3+6)*(INPUT!$N$3:$N$1000="M")*(INPUT!$O$3:$O$1000="PIRATA")*INPUT!$Q$3:$Q$1000)),"")} | X26: =IFERROR(IF(OR(V26="",W26=""),"",V26-W26),"")
C27: T | D27: {=IFERROR(IF(SUMPRODUCT((INPUT!$M$3:$M$1000=$B$3+0)*(INPUT!$N$3:$N$1000="T")*(INPUT!$O$3:$O$1000="PIRATA"))=0,"",SUMPRODUCT((INPUT!$M$3:$M$1000=$B$3+0)*(INPUT!$N$3:$N$1000="T")*(INPUT!$O$3:$O$1000="PIRATA")*INPUT!$P$3:$P$1000)),"")} | E27: {=IFERROR(IF(SUMPRODUCT((INPUT!$M$3:$M$1000=$B$3+0)*(INPUT!$N$3:$N$1000="T")*(INPUT!$O$3:$O$1000="PIRATA"))=0,"",SUMPRODUCT((INPUT!$M$3:$M$1000=$B$3+0)*(INPUT!$N$3:$N$1000="T")*(INPUT!$O$3:$O$1000="PIRATA")*INPUT!$Q$3:$Q$1000)),"")} | F27: =IFERROR(IF(OR(D27="",E27=""),"",D27-E27),"") | G27: {=IFERROR(IF(SUMPRODUCT((INPUT!$M$3:$M$1000=$B$3+1)*(INPUT!$N$3:$N$1000="T")*(INPUT!$O$3:$O$1000="PIRATA"))=0,"",SUMPRODUCT((INPUT!$M$3:$M$1000=$B$3+1)*(INPUT!$N$3:$N$1000="T")*(INPUT!$O$3:$O$1000="PIRATA")*INPUT!$P$3:$P$1000)),"")} | H27: {=IFERROR(IF(SUMPRODUCT((INPUT!$M$3:$M$1000=$B$3+1)*(INPUT!$N$3:$N$1000="T")*(INPUT!$O$3:$O$1000="PIRATA"))=0,"",SUMPRODUCT((INPUT!$M$3:$M$1000=$B$3+1)*(INPUT!$N$3:$N$1000="T")*(INPUT!$O$3:$O$1000="PIRATA")*INPUT!$Q$3:$Q$1000)),"")} | I27: =IFERROR(IF(OR(G27="",H27=""),"",G27-H27),"") | J27: {=IFERROR(IF(SUMPRODUCT((INPUT!$M$3:$M$1000=$B$3+2)*(INPUT!$N$3:$N$1000="T")*(INPUT!$O$3:$O$1000="PIRATA"))=0,"",SUMPRODUCT((INPUT!$M$3:$M$1000=$B$3+2)*(INPUT!$N$3:$N$1000="T")*(INPUT!$O$3:$O$1000="PIRATA")*INPUT!$P$3:$P$1000)),"")} | K27: {=IFERROR(IF(SUMPRODUCT((INPUT!$M$3:$M$1000=$B$3+2)*(INPUT!$N$3:$N$1000="T")*(INPUT!$O$3:$O$1000="PIRATA"))=0,"",SUMPRODUCT((INPUT!$M$3:$M$1000=$B$3+2)*(INPUT!$N$3:$N$1000="T")*(INPUT!$O$3:$O$1000="PIRATA")*INPUT!$Q$3:$Q$1000)),"")} | L27: =IFERROR(IF(OR(J27="",K27=""),"",J27-K27),"") | M27: {=IFERROR(IF(SUMPRODUCT((INPUT!$M$3:$M$1000=$B$3+3)*(INPUT!$N$3:$N$1000="T")*(INPUT!$O$3:$O$1000="PIRATA"))=0,"",SUMPRODUCT((INPUT!$M$3:$M$1000=$B$3+3)*(INPUT!$N$3:$N$1000="T")*(INPUT!$O$3:$O$1000="PIRATA")*INPUT!$P$3:$P$1000)),"")} | N27: {=IFERROR(IF(SUMPRODUCT((INPUT!$M$3:$M$1000=$B$3+3)*(INPUT!$N$3:$N$1000="T")*(INPUT!$O$3:$O$1000="PIRATA"))=0,"",SUMPRODUCT((INPUT!$M$3:$M$1000=$B$3+3)*(INPUT!$N$3:$N$1000="T")*(INPUT!$O$3:$O$1000="PIRATA")*INPUT!$Q$3:$Q$1000)),"")} | O27: =IFERROR(IF(OR(M27="",N27=""),"",M27-N27),"") | P27: {=IFERROR(IF(SUMPRODUCT((INPUT!$M$3:$M$1000=$B$3+4)*(INPUT!$N$3:$N$1000="T")*(INPUT!$O$3:$O$1000="PIRATA"))=0,"",SUMPRODUCT((INPUT!$M$3:$M$1000=$B$3+4)*(INPUT!$N$3:$N$1000="T")*(INPUT!$O$3:$O$1000="PIRATA")*INPUT!$P$3:$P$1000)),"")} | Q27: {=IFERROR(IF(SUMPRODUCT((INPUT!$M$3:$M$1000=$B$3+4)*(INPUT!$N$3:$N$1000="T")*(INPUT!$O$3:$O$1000="PIRATA"))=0,"",SUMPRODUCT((INPUT!$M$3:$M$1000=$B$3+4)*(INPUT!$N$3:$N$1000="T")*(INPUT!$O$3:$O$1000="PIRATA")*INPUT!$Q$3:$Q$1000)),"")} | R27: =IFERROR(IF(OR(P27="",Q27=""),"",P27-Q27),"") | S27: {=IFERROR(IF(SUMPRODUCT((INPUT!$M$3:$M$1000=$B$3+5)*(INPUT!$N$3:$N$1000="T")*(INPUT!$O$3:$O$1000="PIRATA"))=0,"",SUMPRODUCT((INPUT!$M$3:$M$1000=$B$3+5)*(INPUT!$N$3:$N$1000="T")*(INPUT!$O$3:$O$1000="PIRATA")*INPUT!$P$3:$P$1000)),"")} -> 75.7 | T27: {=IFERROR(IF(SUMPRODUCT((INPUT!$M$3:$M$1000=$B$3+5)*(INPUT!$N$3:$N$1000="T")*(INPUT!$O$3:$O$1000="PIRATA"))=0,"",SUMPRODUCT((INPUT!$M$3:$M$1000=$B$3+5)*(INPUT!$N$3:$N$1000="T")*(INPUT!$O$3:$O$1000="PIRATA")*INPUT!$Q$3:$Q$1000)),"")} -> 74.6 | U27: =IFERROR(IF(OR(S27="",T27=""),"",S27-T27),"") -> 1.1 | V27: {=IFERROR(IF(SUMPRODUCT((INPUT!$M$3:$M$1000=$B$3+6)*(INPUT!$N$3:$N$1000="T")*(INPUT!$O$3:$O$1000="PIRATA"))=0,"",SUMPRODUCT((INPUT!$M$3:$M$1000=$B$3+6)*(INPUT!$N$3:$N$1000="T")*(INPUT!$O$3:$O$1000="PIRATA")*INPUT!$P$3:$P$1000)),"")} | W27: {=IFERROR(IF(SUMPRODUCT((INPUT!$M$3:$M$1000=$B$3+6)*(INPUT!$N$3:$N$1000="T")*(INPUT!$O$3:$O$1000="PIRATA"))=0,"",SUMPRODUCT((INPUT!$M$3:$M$1000=$B$3+6)*(INPUT!$N$3:$N$1000="T")*(INPUT!$O$3:$O$1000="PIRATA")*INPUT!$Q$3:$Q$1000)),"")} | X27: =IFERROR(IF(OR(V27="",W27=""),"",V27-W27),"")
A28: 12 | B28: BARONA | C28: M | D28: {=IFERROR(IF(SUMPRODUCT((INPUT!$M$3:$M$1000=$B$3+0)*(INPUT!$N$3:$N$1000="M")*(INPUT!$O$3:$O$1000="BARONA"))=0,"",SUMPRODUCT((INPUT!$M$3:$M$1000=$B$3+0)*(INPUT!$N$3:$N$1000="M")*(INPUT!$O$3:$O$1000="BARONA")*INPUT!$P$3:$P$1000)),"")} | E28: {=IFERROR(IF(SUMPRODUCT((INPUT!$M$3:$M$1000=$B$3+0)*(INPUT!$N$3:$N$1000="M")*(INPUT!$O$3:$O$1000="BARONA"))=0,"",SUMPRODUCT((INPUT!$M$3:$M$1000=$B$3+0)*(INPUT!$N$3:$N$1000="M")*(INPUT!$O$3:$O$1000="BARONA")*INPUT!$Q$3:$Q$1000)),"")} | F28: =IFERROR(IF(OR(D28="",E28=""),"",D28-E28),"") | G28: {=IFERROR(IF(SUMPRODUCT((INPUT!$M$3:$M$1000=$B$3+1)*(INPUT!$N$3:$N$1000="M")*(INPUT!$O$3:$O$1000="BARONA"))=0,"",SUMPRODUCT((INPUT!$M$3:$M$1000=$B$3+1)*(INPUT!$N$3:$N$1000="M")*(INPUT!$O$3:$O$1000="BARONA")*INPUT!$P$3:$P$1000)),"")} -> 71.5 | H28: {=IFERROR(IF(SUMPRODUCT((INPUT!$M$3:$M$1000=$B$3+1)*(INPUT!$N$3:$N$1000="M")*(INPUT!$O$3:$O$1000="BARONA"))=0,"",SUMPRODUCT((INPUT!$M$3:$M$1000=$B$3+1)*(INPUT!$N$3:$N$1000="M")*(INPUT!$O$3:$O$1000="BARONA")*INPUT!$Q$3:$Q$1000)),"")} -> 71.5 | I28: =IFERROR(IF(OR(G28="",H28=""),"",G28-H28),"") -> 0 | J28: {=IFERROR(IF(SUMPRODUCT((INPUT!$M$3:$M$1000=$B$3+2)*(INPUT!$N$3:$N$1000="M")*(INPUT!$O$3:$O$1000="BARONA"))=0,"",SUMPRODUCT((INPUT!$M$3:$M$1000=$B$3+2)*(INPUT!$N$3:$N$1000="M")*(INPUT!$O$3:$O$1000="BARONA")*INPUT!$P$3:$P$1000)),"")} -> 72.6 | K28: {=IFERROR(IF(SUMPRODUCT((INPUT!$M$3:$M$1000=$B$3+2)*(INPUT!$N$3:$N$1000="M")*(INPUT!$O$3:$O$1000="BARONA"))=0,"",SUMPRODUCT((INPUT!$M$3:$M$1000=$B$3+2)*(INPUT!$N$3:$N$1000="M")*(INPUT!$O$3:$O$1000="BARONA")*INPUT!$Q$3:$Q$1000)),"")} -> 72.6 | L28: =IFERROR(IF(OR(J28="",K28=""),"",J28-K28),"") -> 0 | M28: {=IFERROR(IF(SUMPRODUCT((INPUT!$M$3:$M$1000=$B$3+3)*(INPUT!$N$3:$N$1000="M")*(INPUT!$O$3:$O$1000="BARONA"))=0,"",SUMPRODUCT((INPUT!$M$3:$M$1000=$B$3+3)*(INPUT!$N$3:$N$1000="M")*(INPUT!$O$3:$O$1000="BARONA")*INPUT!$P$3:$P$1000)),"")} -> 72.6 | N28: {=IFERROR(IF(SUMPRODUCT((INPUT!$M$3:$M$1000=$B$3+3)*(INPUT!$N$3:$N$1000="M")*(INPUT!$O$3:$O$1000="BARONA"))=0,"",SUMPRODUCT((INPUT!$M$3:$M$1000=$B$3+3)*(INPUT!$N$3:$N$1000="M")*(INPUT!$O$3:$O$1000="BARONA")*INPUT!$Q$3:$Q$1000)),"")} -> 72.6 | O28: =IFERROR(IF(OR(M28="",N28=""),"",M28-N28),"") -> 0 | P28: {=IFERROR(IF(SUMPRODUCT((INPUT!$M$3:$M$1000=$B$3+4)*(INPUT!$N$3:$N$1000="M")*(INPUT!$O$3:$O$1000="BARONA"))=0,"",SUMPRODUCT((INPUT!$M$3:$M$1000=$B$3+4)*(INPUT!$N$3:$N$1000="M")*(INPUT!$O$3:$O$1000="BARONA")*INPUT!$P$3:$P$1000)),"")} -> 71.8 | Q28: {=IFERROR(IF(SUMPRODUCT((INPUT!$M$3:$M$1000=$B$3+4)*(INPUT!$N$3:$N$1000="M")*(INPUT!$O$3:$O$1000="BARONA"))=0,"",SUMPRODUCT((INPUT!$M$3:$M$1000=$B$3+4)*(INPUT!$N$3:$N$1000="M")*(INPUT!$O$3:$O$1000="BARONA")*INPUT!$Q$3:$Q$1000)),"")} -> 71.7 | R28: =IFERROR(IF(OR(P28="",Q28=""),"",P28-Q28),"") -> 0.1 | S28: {=IFERROR(IF(SUMPRODUCT((INPUT!$M$3:$M$1000=$B$3+5)*(INPUT!$N$3:$N$1000="M")*(INPUT!$O$3:$O$1000="BARONA"))=0,"",SUMPRODUCT((INPUT!$M$3:$M$1000=$B$3+5)*(INPUT!$N$3:$N$1000="M")*(INPUT!$O$3:$O$1000="BARONA")*INPUT!$P$3:$P$1000)),"")} | T28: {=IFERROR(IF(SUMPRODUCT((INPUT!$M$3:$M$1000=$B$3+5)*(INPUT!$N$3:$N$1000="M")*(INPUT!$O$3:$O$1000="BARONA"))=0,"",SUMPRODUCT((INPUT!$M$3:$M$1000=$B$3+5)*(INPUT!$N$3:$N$1000="M")*(INPUT!$O$3:$O$1000="BARONA")*INPUT!$Q$3:$Q$1000)),"")} | U28: =IFERROR(IF(OR(S28="",T28=""),"",S28-T28),"") | V28: {=IFERROR(IF(SUMPRODUCT((INPUT!$M$3:$M$1000=$B$3+6)*(INPUT!$N$3:$N$1000="M")*(INPUT!$O$3:$O$1000="BARONA"))=0,"",SUMPRODUCT((INPUT!$M$3:$M$1000=$B$3+6)*(INPUT!$N$3:$N$1000="M")*(INPUT!$O$3:$O$1000="BARONA")*INPUT!$P$3:$P$1000)),"")} | W28: {=IFERROR(IF(SUMPRODUCT((INPUT!$M$3:$M$1000=$B$3+6)*(INPUT!$N$3:$N$1000="M")*(INPUT!$O$3:$O$1000="BARONA"))=0,"",SUMPRODUCT((INPUT!$M$3:$M$1000=$B$3+6)*(INPUT!$N$3:$N$1000="M")*(INPUT!$O$3:$O$1000="BARONA")*INPUT!$Q$3:$Q$1000)),"")} | X28: =IFERROR(IF(OR(V28="",W28=""),"",V28-W28),"")
C29: T | D29: {=IFERROR(IF(SUMPRODUCT((INPUT!$M$3:$M$1000=$B$3+0)*(INPUT!$N$3:$N$1000="T")*(INPUT!$O$3:$O$1000="BARONA"))=0,"",SUMPRODUCT((INPUT!$M$3:$M$1000=$B$3+0)*(INPUT!$N$3:$N$1000="T")*(INPUT!$O$3:$O$1000="BARONA")*INPUT!$P$3:$P$1000)),"")} | E29: {=IFERROR(IF(SUMPRODUCT((INPUT!$M$3:$M$1000=$B$3+0)*(INPUT!$N$3:$N$1000="T")*(INPUT!$O$3:$O$1000="BARONA"))=0,"",SUMPRODUCT((INPUT!$M$3:$M$1000=$B$3+0)*(INPUT!$N$3:$N$1000="T")*(INPUT!$O$3:$O$1000="BARONA")*INPUT!$Q$3:$Q$1000)),"")} | F29: =IFERROR(IF(OR(D29="",E29=""),"",D29-E29),"") | G29: {=IFERROR(IF(SUMPRODUCT((INPUT!$M$3:$M$1000=$B$3+1)*(INPUT!$N$3:$N$1000="T")*(INPUT!$O$3:$O$1000="BARONA"))=0,"",SUMPRODUCT((INPUT!$M$3:$M$1000=$B$3+1)*(INPUT!$N$3:$N$1000="T")*(INPUT!$O$3:$O$1000="BARONA")*INPUT!$P$3:$P$1000)),"")} | H29: {=IFERROR(IF(SUMPRODUCT((INPUT!$M$3:$M$1000=$B$3+1)*(INPUT!$N$3:$N$1000="T")*(INPUT!$O$3:$O$1000="BARONA"))=0,"",SUMPRODUCT((INPUT!$M$3:$M$1000=$B$3+1)*(INPUT!$N$3:$N$1000="T")*(INPUT!$O$3:$O$1000="BARONA")*INPUT!$Q$3:$Q$1000)),"")} | I29: =IFERROR(IF(OR(G29="",H29=""),"",G29-H29),"") | J29: {=IFERROR(IF(SUMPRODUCT((INPUT!$M$3:$M$1000=$B$3+2)*(INPUT!$N$3:$N$1000="T")*(INPUT!$O$3:$O$1000="BARONA"))=0,"",SUMPRODUCT((INPUT!$M$3:$M$1000=$B$3+2)*(INPUT!$N$3:$N$1000="T")*(INPUT!$O$3:$O$1000="BARONA")*INPUT!$P$3:$P$1000)),"")} | K29: {=IFERROR(IF(SUMPRODUCT((INPUT!$M$3:$M$1000=$B$3+2)*(INPUT!$N$3:$N$1000="T")*(INPUT!$O$3:$O$1000="BARONA"))=0,"",SUMPRODUCT((INPUT!$M$3:$M$1000=$B$3+2)*(INPUT!$N$3:$N$1000="T")*(INPUT!$O$3:$O$1000="BARONA")*INPUT!$Q$3:$Q$1000)),"")} | L29: =IFERROR(IF(OR(J29="",K29=""),"",J29-K29),"") | M29: {=IFERROR(IF(SUMPRODUCT((INPUT!$M$3:$M$1000=$B$3+3)*(INPUT!$N$3:$N$1000="T")*(INPUT!$O$3:$O$1000="BARONA"))=0,"",SUMPRODUCT((INPUT!$M$3:$M$1000=$B$3+3)*(INPUT!$N$3:$N$1000="T")*(INPUT!$O$3:$O$1000="BARONA")*INPUT!$P$3:$P$1000)),"")} | N29: {=IFERROR(IF(SUMPRODUCT((INPUT!$M$3:$M$1000=$B$3+3)*(INPUT!$N$3:$N$1000="T")*(INPUT!$O$3:$O$1000="BARONA"))=0,"",SUMPRODUCT((INPUT!$M$3:$M$1000=$B$3+3)*(INPUT!$N$3:$N$1000="T")*(INPUT!$O$3:$O$1000="BARONA")*INPUT!$Q$3:$Q$1000)),"")} | O29: =IFERROR(IF(OR(M29="",N29=""),"",M29-N29),"") | P29: {=IFERROR(IF(SUMPRODUCT((INPUT!$M$3:$M$1000=$B$3+4)*(INPUT!$N$3:$N$1000="T")*(INPUT!$O$3:$O$1000="BARONA"))=0,"",SUMPRODUCT((INPUT!$M$3:$M$1000=$B$3+4)*(INPUT!$N$3:$N$1000="T")*(INPUT!$O$3:$O$1000="BARONA")*INPUT!$P$3:$P$1000)),"")} | Q29: {=IFERROR(IF(SUMPRODUCT((INPUT!$M$3:$M$1000=$B$3+4)*(INPUT!$N$3:$N$1000="T")*(INPUT!$O$3:$O$1000="BARONA"))=0,"",SUMPRODUCT((INPUT!$M$3:$M$1000=$B$3+4)*(INPUT!$N$3:$N$1000="T")*(INPUT!$O$3:$O$1000="BARONA")*INPUT!$Q$3:$Q$1000)),"")} | R29: =IFERROR(IF(OR(P29="",Q29=""),"",P29-Q29),"") | S29: {=IFERROR(IF(SUMPRODUCT((INPUT!$M$3:$M$1000=$B$3+5)*(INPUT!$N$3:$N$1000="T")*(INPUT!$O$3:$O$1000="BARONA"))=0,"",SUMPRODUCT((INPUT!$M$3:$M$1000=$B$3+5)*(INPUT!$N$3:$N$1000="T")*(INPUT!$O$3:$O$1000="BARONA")*INPUT!$P$3:$P$1000)),"")} -> 71.7 | T29: {=IFERROR(IF(SUMPRODUCT((INPUT!$M$3:$M$1000=$B$3+5)*(INPUT!$N$3:$N$1000="T")*(INPUT!$O$3:$O$1000="BARONA"))=0,"",SUMPRODUCT((INPUT!$M$3:$M$1000=$B$3+5)*(INPUT!$N$3:$N$1000="T")*(INPUT!$O$3:$O$1000="BARONA")*INPUT!$Q$3:$Q$1000)),"")} -> 71.7 | U29: =IFERROR(IF(OR(S29="",T29=""),"",S29-T29),"") -> 0 | V29: {=IFERROR(IF(SUMPRODUCT((INPUT!$M$3:$M$1000=$B$3+6)*(INPUT!$N$3:$N$1000="T")*(INPUT!$O$3:$O$1000="BARONA"))=0,"",SUMPRODUCT((INPUT!$M$3:$M$1000=$B$3+6)*(INPUT!$N$3:$N$1000="T")*(INPUT!$O$3:$O$1000="BARONA")*INPUT!$P$3:$P$1000)),"")} | W29: {=IFERROR(IF(SUMPRODUCT((INPUT!$M$3:$M$1000=$B$3+6)*(INPUT!$N$3:$N$1000="T")*(INPUT!$O$3:$O$1000="BARONA"))=0,"",SUMPRODUCT((INPUT!$M$3:$M$1000=$B$3+6)*(INPUT!$N$3:$N$1000="T")*(INPUT!$O$3:$O$1000="BARONA")*INPUT!$Q$3:$Q$1000)),"")} | X29: =IFERROR(IF(OR(V29="",W29=""),"",V29-W29),"")
A30: 13 | B30: CARLOS | C30: M | D30: {=IFERROR(IF(SUMPRODUCT((INPUT!$M$3:$M$1000=$B$3+0)*(INPUT!$N$3:$N$1000="M")*(INPUT!$O$3:$O$1000="CARLOS"))=0,"",SUMPRODUCT((INPUT!$M$3:$M$1000=$B$3+0)*(INPUT!$N$3:$N$1000="M")*(INPUT!$O$3:$O$1000="CARLOS")*INPUT!$P$3:$P$1000)),"")} | E30: {=IFERROR(IF(SUMPRODUCT((INPUT!$M$3:$M$1000=$B$3+0)*(INPUT!$N$3:$N$1000="M")*(INPUT!$O$3:$O$1000="CARLOS"))=0,"",SUMPRODUCT((INPUT!$M$3:$M$1000=$B$3+0)*(INPUT!$N$3:$N$1000="M")*(INPUT!$O$3:$O$1000="CARLOS")*INPUT!$Q$3:$Q$1000)),"")} | F30: =IFERROR(IF(OR(D30="",E30=""),"",D30-E30),"") | G30: {=IFERROR(IF(SUMPRODUCT((INPUT!$M$3:$M$1000=$B$3+1)*(INPUT!$N$3:$N$1000="M")*(INPUT!$O$3:$O$1000="CARLOS"))=0,"",SUMPRODUCT((INPUT!$M$3:$M$1000=$B$3+1)*(INPUT!$N$3:$N$1000="M")*(INPUT!$O$3:$O$1000="CARLOS")*INPUT!$P$3:$P$1000)),"")} -> 66.7 | H30: {=IFERROR(IF(SUMPRODUCT((INPUT!$M$3:$M$1000=$B$3+1)*(INPUT!$N$3:$N$1000="M")*(INPUT!$O$3:$O$1000="CARLOS"))=0,"",SUMPRODUCT((INPUT!$M$3:$M$1000=$B$3+1)*(INPUT!$N$3:$N$1000="M")*(INPUT!$O$3:$O$1000="CARLOS")*INPUT!$Q$3:$Q$1000)),"")} -> 66.8 | I30: =IFERROR(IF(OR(G30="",H30=""),"",G30-H30),"") -> -0.1 | J30: {=IFERROR(IF(SUMPRODUCT((INPUT!$M$3:$M$1000=$B$3+2)*(INPUT!$N$3:$N$1000="M")*(INPUT!$O$3:$O$1000="CARLOS"))=0,"",SUMPRODUCT((INPUT!$M$3:$M$1000=$B$3+2)*(INPUT!$N$3:$N$1000="M")*(INPUT!$O$3:$O$1000="CARLOS")*INPUT!$P$3:$P$1000)),"")} -> 67.2 | K30: {=IFERROR(IF(SUMPRODUCT((INPUT!$M$3:$M$1000=$B$3+2)*(INPUT!$N$3:$N$1000="M")*(INPUT!$O$3:$O$1000="CARLOS"))=0,"",SUMPRODUCT((INPUT!$M$3:$M$1000=$B$3+2)*(INPUT!$N$3:$N$1000="M")*(INPUT!$O$3:$O$1000="CARLOS")*INPUT!$Q$3:$Q$1000)),"")} -> 66.2 | L30: =IFERROR(IF(OR(J30="",K30=""),"",J30-K30),"") -> 1 | M30: {=IFERROR(IF(SUMPRODUCT((INPUT!$M$3:$M$1000=$B$3+3)*(INPUT!$N$3:$N$1000="M")*(INPUT!$O$3:$O$1000="CARLOS"))=0,"",SUMPRODUCT((INPUT!$M$3:$M$1000=$B$3+3)*(INPUT!$N$3:$N$1000="M")*(INPUT!$O$3:$O$1000="CARLOS")*INPUT!$P$3:$P$1000)),"")} -> 67.2 | N30: {=IFERROR(IF(SUMPRODUCT((INPUT!$M$3:$M$1000=$B$3+3)*(INPUT!$N$3:$N$1000="M")*(INPUT!$O$3:$O$1000="CARLOS"))=0,"",SUMPRODUCT((INPUT!$M$3:$M$1000=$B$3+3)*(INPUT!$N$3:$N$1000="M")*(INPUT!$O$3:$O$1000="CARLOS")*INPUT!$Q$3:$Q$1000)),"")} -> 66.2 | O30: =IFERROR(IF(OR(M30="",N30=""),"",M30-N30),"") -> 1 | P30: {=IFERROR(IF(SUMPRODUCT((INPUT!$M$3:$M$1000=$B$3+4)*(INPUT!$N$3:$N$1000="M")*(INPUT!$O$3:$O$1000="CARLOS"))=0,"",SUMPRODUCT((INPUT!$M$3:$M$1000=$B$3+4)*(INPUT!$N$3:$N$1000="M")*(INPUT!$O$3:$O$1000="CARLOS")*INPUT!$P$3:$P$1000)),"")} -> 68 | Q30: {=IFERROR(IF(SUMPRODUCT((INPUT!$M$3:$M$1000=$B$3+4)*(INPUT!$N$3:$N$1000="M")*(INPUT!$O$3:$O$1000="CARLOS"))=0,"",SUMPRODUCT((INPUT!$M$3:$M$1000=$B$3+4)*(INPUT!$N$3:$N$1000="M")*(INPUT!$O$3:$O$1000="CARLOS")*INPUT!$Q$3:$Q$1000)),"")} -> 67.5 | R30: =IFERROR(IF(OR(P30="",Q30=""),"",P30-Q30),"") -> 0.5 | S30: {=IFERROR(IF(SUMPRODUCT((INPUT!$M$3:$M$1000=$B$3+5)*(INPUT!$N$3:$N$1000="M")*(INPUT!$O$3:$O$1000="CARLOS"))=0,"",SUMPRODUCT((INPUT!$M$3:$M$1000=$B$3+5)*(INPUT!$N$3:$N$1000="M")*(INPUT!$O$3:$O$1000="CARLOS")*INPUT!$P$3:$P$1000)),"")} | T30: {=IFERROR(IF(SUMPRODUCT((INPUT!$M$3:$M$1000=$B$3+5)*(INPUT!$N$3:$N$1000="M")*(INPUT!$O$3:$O$1000="CARLOS"))=0,"",SUMPRODUCT((INPUT!$M$3:$M$1000=$B$3+5)*(INPUT!$N$3:$N$1000="M")*(INPUT!$O$3:$O$1000="CARLOS")*INPUT!$Q$3:$Q$1000)),"")} | U30: =IFERROR(IF(OR(S30="",T30=""),"",S30-T30),"") | V30: {=IFERROR(IF(SUMPRODUCT((INPUT!$M$3:$M$1000=$B$3+6)*(INPUT!$N$3:$N$1000="M")*(INPUT!$O$3:$O$1000="CARLOS"))=0,"",SUMPRODUCT((INPUT!$M$3:$M$1000=$B$3+6)*(INPUT!$N$3:$N$1000="M")*(INPUT!$O$3:$O$1000="CARLOS")*INPUT!$P$3:$P$1000)),"")} | W30: {=IFERROR(IF(SUMPRODUCT((INPUT!$M$3:$M$1000=$B$3+6)*(INPUT!$N$3:$N$1000="M")*(INPUT!$O$3:$O$1000="CARLOS"))=0,"",SUMPRODUCT((INPUT!$M$3:$M$1000=$B$3+6)*(INPUT!$N$3:$N$1000="M")*(INPUT!$O$3:$O$1000="CARLOS")*INPUT!$Q$3:$Q$1000)),"")} | X30: =IFERROR(IF(OR(V30="",W30=""),"",V30-W30),"")
C31: T | D31: {=IFERROR(IF(SUMPRODUCT((INPUT!$M$3:$M$1000=$B$3+0)*(INPUT!$N$3:$N$1000="T")*(INPUT!$O$3:$O$1000="CARLOS"))=0,"",SUMPRODUCT((INPUT!$M$3:$M$1000=$B$3+0)*(INPUT!$N$3:$N$1000="T")*(INPUT!$O$3:$O$1000="CARLOS")*INPUT!$P$3:$P$1000)),"")} | E31: {=IFERROR(IF(SUMPRODUCT((INPUT!$M$3:$M$1000=$B$3+0)*(INPUT!$N$3:$N$1000="T")*(INPUT!$O$3:$O$1000="CARLOS"))=0,"",SUMPRODUCT((INPUT!$M$3:$M$1000=$B$3+0)*(INPUT!$N$3:$N$1000="T")*(INPUT!$O$3:$O$1000="CARLOS")*INPUT!$Q$3:$Q$1000)),"")} | F31: =IFERROR(IF(OR(D31="",E31=""),"",D31-E31),"") | G31: {=IFERROR(IF(SUMPRODUCT((INPUT!$M$3:$M$1000=$B$3+1)*(INPUT!$N$3:$N$1000="T")*(INPUT!$O$3:$O$1000="CARLOS"))=0,"",SUMPRODUCT((INPUT!$M$3:$M$1000=$B$3+1)*(INPUT!$N$3:$N$1000="T")*(INPUT!$O$3:$O$1000="CARLOS")*INPUT!$P$3:$P$1000)),"")} | H31: {=IFERROR(IF(SUMPRODUCT((INPUT!$M$3:$M$1000=$B$3+1)*(INPUT!$N$3:$N$1000="T")*(INPUT!$O$3:$O$1000="CARLOS"))=0,"",SUMPRODUCT((INPUT!$M$3:$M$1000=$B$3+1)*(INPUT!$N$3:$N$1000="T")*(INPUT!$O$3:$O$1000="CARLOS")*INPUT!$Q$3:$Q$1000)),"")} | I31: =IFERROR(IF(OR(G31="",H31=""),"",G31-H31),"") | J31: {=IFERROR(IF(SUMPRODUCT((INPUT!$M$3:$M$1000=$B$3+2)*(INPUT!$N$3:$N$1000="T")*(INPUT!$O$3:$O$1000="CARLOS"))=0,"",SUMPRODUCT((INPUT!$M$3:$M$1000=$B$3+2)*(INPUT!$N$3:$N$1000="T")*(INPUT!$O$3:$O$1000="CARLOS")*INPUT!$P$3:$P$1000)),"")} | K31: {=IFERROR(IF(SUMPRODUCT((INPUT!$M$3:$M$1000=$B$3+2)*(INPUT!$N$3:$N$1000="T")*(INPUT!$O$3:$O$1000="CARLOS"))=0,"",SUMPRODUCT((INPUT!$M$3:$M$1000=$B$3+2)*(INPUT!$N$3:$N$1000="T")*(INPUT!$O$3:$O$1000="CARLOS")*INPUT!$Q$3:$Q$1000)),"")} | L31: =IFERROR(IF(OR(J31="",K31=""),"",J31-K31),"") | M31: {=IFERROR(IF(SUMPRODUCT((INPUT!$M$3:$M$1000=$B$3+3)*(INPUT!$N$3:$N$1000="T")*(INPUT!$O$3:$O$1000="CARLOS"))=0,"",SUMPRODUCT((INPUT!$M$3:$M$1000=$B$3+3)*(INPUT!$N$3:$N$1000="T")*(INPUT!$O$3:$O$1000="CARLOS")*INPUT!$P$3:$P$1000)),"")} | N31: {=IFERROR(IF(SUMPRODUCT((INPUT!$M$3:$M$1000=$B$3+3)*(INPUT!$N$3:$N$1000="T")*(INPUT!$O$3:$O$1000="CARLOS"))=0,"",SUMPRODUCT((INPUT!$M$3:$M$1000=$B$3+3)*(INPUT!$N$3:$N$1000="T")*(INPUT!$O$3:$O$1000="CARLOS")*INPUT!$Q$3:$Q$1000)),"")} | O31: =IFERROR(IF(OR(M31="",N31=""),"",M31-N31),"") | P31: {=IFERROR(IF(SUMPRODUCT((INPUT!$M$3:$M$1000=$B$3+4)*(INPUT!$N$3:$N$1000="T")*(INPUT!$O$3:$O$1000="CARLOS"))=0,"",SUMPRODUCT((INPUT!$M$3:$M$1000=$B$3+4)*(INPUT!$N$3:$N$1000="T")*(INPUT!$O$3:$O$1000="CARLOS")*INPUT!$P$3:$P$1000)),"")} | Q31: {=IFERROR(IF(SUMPRODUCT((INPUT!$M$3:$M$1000=$B$3+4)*(INPUT!$N$3:$N$1000="T")*(INPUT!$O$3:$O$1000="CARLOS"))=0,"",SUMPRODUCT((INPUT!$M$3:$M$1000=$B$3+4)*(INPUT!$N$3:$N$1000="T")*(INPUT!$O$3:$O$1000="CARLOS")*INPUT!$Q$3:$Q$1000)),"")} | R31: =IFERROR(IF(OR(P31="",Q31=""),"",P31-Q31),"") | S31: {=IFERROR(IF(SUMPRODUCT((INPUT!$M$3:$M$1000=$B$3+5)*(INPUT!$N$3:$N$1000="T")*(INPUT!$O$3:$O$1000="CARLOS"))=0,"",SUMPRODUCT((INPUT!$M$3:$M$1000=$B$3+5)*(INPUT!$N$3:$N$1000="T")*(INPUT!$O$3:$O$1000="CARLOS")*INPUT!$P$3:$P$1000)),"")} -> 66.8 | T31: {=IFERROR(IF(SUMPRODUCT((INPUT!$M$3:$M$1000=$B$3+5)*(INPUT!$N$3:$N$1000="T")*(INPUT!$O$3:$O$1000="CARLOS"))=0,"",SUMPRODUCT((INPUT!$M$3:$M$1000=$B$3+5)*(INPUT!$N$3:$N$1000="T")*(INPUT!$O$3:$O$1000="CARLOS")*INPUT!$Q$3:$Q$1000)),"")} -> 66.4 | U31: =IFERROR(IF(OR(S31="",T31=""),"",S31-T31),"") -> 0.4 | V31: {=IFERROR(IF(SUMPRODUCT((INPUT!$M$3:$M$1000=$B$3+6)*(INPUT!$N$3:$N$1000="T")*(INPUT!$O$3:$O$1000="CARLOS"))=0,"",SUMPRODUCT((INPUT!$M$3:$M$1000=$B$3+6)*(INPUT!$N$3:$N$1000="T")*(INPUT!$O$3:$O$1000="CARLOS")*INPUT!$P$3:$P$1000)),"")} | W31: {=IFERROR(IF(SUMPRODUCT((INPUT!$M$3:$M$1000=$B$3+6)*(INPUT!$N$3:$N$1000="T")*(INPUT!$O$3:$O$1000="CARLOS"))=0,"",SUMPRODUCT((INPUT!$M$3:$M$1000=$B$3+6)*(INPUT!$N$3:$N$1000="T")*(INPUT!$O$3:$O$1000="CARLOS")*INPUT!$Q$3:$Q$1000)),"")} | X31: =IFERROR(IF(OR(V31="",W31=""),"",V31-W31),"")
A32: 14 | B32: GONZALO | C32: M | D32: {=IFERROR(IF(SUMPRODUCT((INPUT!$M$3:$M$1000=$B$3+0)*(INPUT!$N$3:$N$1000="M")*(INPUT!$O$3:$O$1000="GONZALO"))=0,"",SUMPRODUCT((INPUT!$M$3:$M$1000=$B$3+0)*(INPUT!$N$3:$N$1000="M")*(INPUT!$O$3:$O$1000="GONZALO")*INPUT!$P$3:$P$1000)),"")} | E32: {=IFERROR(IF(SUMPRODUCT((INPUT!$M$3:$M$1000=$B$3+0)*(INPUT!$N$3:$N$1000="M")*(INPUT!$O$3:$O$1000="GONZALO"))=0,"",SUMPRODUCT((INPUT!$M$3:$M$1000=$B$3+0)*(INPUT!$N$3:$N$1000="M")*(INPUT!$O$3:$O$1000="GONZALO")*INPUT!$Q$3:$Q$1000)),"")} | F32: =IFERROR(IF(OR(D32="",E32=""),"",D32-E32),"") | G32: {=IFERROR(IF(SUMPRODUCT((INPUT!$M$3:$M$1000=$B$3+1)*(INPUT!$N$3:$N$1000="M")*(INPUT!$O$3:$O$1000="GONZALO"))=0,"",SUMPRODUCT((INPUT!$M$3:$M$1000=$B$3+1)*(INPUT!$N$3:$N$1000="M")*(INPUT!$O$3:$O$1000="GONZALO")*INPUT!$P$3:$P$1000)),"")} -> 84.8 | H32: {=IFERROR(IF(SUMPRODUCT((INPUT!$M$3:$M$1000=$B$3+1)*(INPUT!$N$3:$N$1000="M")*(INPUT!$O$3:$O$1000="GONZALO"))=0,"",SUMPRODUCT((INPUT!$M$3:$M$1000=$B$3+1)*(INPUT!$N$3:$N$1000="M")*(INPUT!$O$3:$O$1000="GONZALO")*INPUT!$Q$3:$Q$1000)),"")} -> 84.9 | I32: =IFERROR(IF(OR(G32="",H32=""),"",G32-H32),"") -> -0.1 | J32: {=IFERROR(IF(SUMPRODUCT((INPUT!$M$3:$M$1000=$B$3+2)*(INPUT!$N$3:$N$1000="M")*(INPUT!$O$3:$O$1000="GONZALO"))=0,"",SUMPRODUCT((INPUT!$M$3:$M$1000=$B$3+2)*(INPUT!$N$3:$N$1000="M")*(INPUT!$O$3:$O$1000="GONZALO")*INPUT!$P$3:$P$1000)),"")} -> 84.8 | K32: {=IFERROR(IF(SUMPRODUCT((INPUT!$M$3:$M$1000=$B$3+2)*(INPUT!$N$3:$N$1000="M")*(INPUT!$O$3:$O$1000="GONZALO"))=0,"",SUMPRODUCT((INPUT!$M$3:$M$1000=$B$3+2)*(INPUT!$N$3:$N$1000="M")*(INPUT!$O$3:$O$1000="GONZALO")*INPUT!$Q$3:$Q$1000)),"")} -> 84.9 | L32: =IFERROR(IF(OR(J32="",K32=""),"",J32-K32),"") -> -0.1 | M32: {=IFERROR(IF(SUMPRODUCT((INPUT!$M$3:$M$1000=$B$3+3)*(INPUT!$N$3:$N$1000="M")*(INPUT!$O$3:$O$1000="GONZALO"))=0,"",SUMPRODUCT((INPUT!$M$3:$M$1000=$B$3+3)*(INPUT!$N$3:$N$1000="M")*(INPUT!$O$3:$O$1000="GONZALO")*INPUT!$P$3:$P$1000)),"")} -> 84.8 | N32: {=IFERROR(IF(SUMPRODUCT((INPUT!$M$3:$M$1000=$B$3+3)*(INPUT!$N$3:$N$1000="M")*(INPUT!$O$3:$O$1000="GONZALO"))=0,"",SUMPRODUCT((INPUT!$M$3:$M$1000=$B$3+3)*(INPUT!$N$3:$N$1000="M")*(INPUT!$O$3:$O$1000="GONZALO")*INPUT!$Q$3:$Q$1000)),"")} -> 84.9 | O32: =IFERROR(IF(OR(M32="",N32=""),"",M32-N32),"") -> -0.1 | P32: {=IFERROR(IF(SUMPRODUCT((INPUT!$M$3:$M$1000=$B$3+4)*(INPUT!$N$3:$N$1000="M")*(INPUT!$O$3:$O$1000="GONZALO"))=0,"",SUMPRODUCT((INPUT!$M$3:$M$1000=$B$3+4)*(INPUT!$N$3:$N$1000="M")*(INPUT!$O$3:$O$1000="GONZALO")*INPUT!$P$3:$P$1000)),"")} -> 84.7 | Q32: {=IFERROR(IF(SUMPRODUCT((INPUT!$M$3:$M$1000=$B$3+4)*(INPUT!$N$3:$N$1000="M")*(INPUT!$O$3:$O$1000="GONZALO"))=0,"",SUMPRODUCT((INPUT!$M$3:$M$1000=$B$3+4)*(INPUT!$N$3:$N$1000="M")*(INPUT!$O$3:$O$1000="GONZALO")*INPUT!$Q$3:$Q$1000)),"")} -> 84.8 | R32: =IFERROR(IF(OR(P32="",Q32=""),"",P32-Q32),"") -> -0.1 | S32: {=IFERROR(IF(SUMPRODUCT((INPUT!$M$3:$M$1000=$B$3+5)*(INPUT!$N$3:$N$1000="M")*(INPUT!$O$3:$O$1000="GONZALO"))=0,"",SUMPRODUCT((INPUT!$M$3:$M$1000=$B$3+5)*(INPUT!$N$3:$N$1000="M")*(INPUT!$O$3:$O$1000="GONZALO")*INPUT!$P$3:$P$1000)),"")} | T32: {=IFERROR(IF(SUMPRODUCT((INPUT!$M$3:$M$1000=$B$3+5)*(INPUT!$N$3:$N$1000="M")*(INPUT!$O$3:$O$1000="GONZALO"))=0,"",SUMPRODUCT((INPUT!$M$3:$M$1000=$B$3+5)*(INPUT!$N$3:$N$1000="M")*(INPUT!$O$3:$O$1000="GONZALO")*INPUT!$Q$3:$Q$1000)),"")} | U32: =IFERROR(IF(OR(S32="",T32=""),"",S32-T32),"") | V32: {=IFERROR(IF(SUMPRODUCT((INPUT!$M$3:$M$1000=$B$3+6)*(INPUT!$N$3:$N$1000="M")*(INPUT!$O$3:$O$1000="GONZALO"))=0,"",SUMPRODUCT((INPUT!$M$3:$M$1000=$B$3+6)*(INPUT!$N$3:$N$1000="M")*(INPUT!$O$3:$O$1000="GONZALO")*INPUT!$P$3:$P$1000)),"")} | W32: {=IFERROR(IF(SUMPRODUCT((INPUT!$M$3:$M$1000=$B$3+6)*(INPUT!$N$3:$N$1000="M")*(INPUT!$O$3:$O$1000="GONZALO"))=0,"",SUMPRODUCT((INPUT!$M$3:$M$1000=$B$3+6)*(INPUT!$N$3:$N$1000="M")*(INPUT!$O$3:$O$1000="GONZALO")*INPUT!$Q$3:$Q$1000)),"")} | X32: =IFERROR(IF(OR(V32="",W32=""),"",V32-W32),"")
C33: T | D33: {=IFERROR(IF(SUMPRODUCT((INPUT!$M$3:$M$1000=$B$3+0)*(INPUT!$N$3:$N$1000="T")*(INPUT!$O$3:$O$1000="GONZALO"))=0,"",SUMPRODUCT((INPUT!$M$3:$M$1000=$B$3+0)*(INPUT!$N$3:$N$1000="T")*(INPUT!$O$3:$O$1000="GONZALO")*INPUT!$P$3:$P$1000)),"")} | E33: {=IFERROR(IF(SUMPRODUCT((INPUT!$M$3:$M$1000=$B$3+0)*(INPUT!$N$3:$N$1000="T")*(INPUT!$O$3:$O$1000="GONZALO"))=0,"",SUMPRODUCT((INPUT!$M$3:$M$1000=$B$3+0)*(INPUT!$N$3:$N$1000="T")*(INPUT!$O$3:$O$1000="GONZALO")*INPUT!$Q$3:$Q$1000)),"")} | F33: =IFERROR(IF(OR(D33="",E33=""),"",D33-E33),"") | G33: {=IFERROR(IF(SUMPRODUCT((INPUT!$M$3:$M$1000=$B$3+1)*(INPUT!$N$3:$N$1000="T")*(INPUT!$O$3:$O$1000="GONZALO"))=0,"",SUMPRODUCT((INPUT!$M$3:$M$1000=$B$3+1)*(INPUT!$N$3:$N$1000="T")*(INPUT!$O$3:$O$1000="GONZALO")*INPUT!$P$3:$P$1000)),"")} | H33: {=IFERROR(IF(SUMPRODUCT((INPUT!$M$3:$M$1000=$B$3+1)*(INPUT!$N$3:$N$1000="T")*(INPUT!$O$3:$O$1000="GONZALO"))=0,"",SUMPRODUCT((INPUT!$M$3:$M$1000=$B$3+1)*(INPUT!$N$3:$N$1000="T")*(INPUT!$O$3:$O$1000="GONZALO")*INPUT!$Q$3:$Q$1000)),"")} | I33: =IFERROR(IF(OR(G33="",H33=""),"",G33-H33),"") | J33: {=IFERROR(IF(SUMPRODUCT((INPUT!$M$3:$M$1000=$B$3+2)*(INPUT!$N$3:$N$1000="T")*(INPUT!$O$3:$O$1000="GONZALO"))=0,"",SUMPRODUCT((INPUT!$M$3:$M$1000=$B$3+2)*(INPUT!$N$3:$N$1000="T")*(INPUT!$O$3:$O$1000="GONZALO")*INPUT!$P$3:$P$1000)),"")} | K33: {=IFERROR(IF(SUMPRODUCT((INPUT!$M$3:$M$1000=$B$3+2)*(INPUT!$N$3:$N$1000="T")*(INPUT!$O$3:$O$1000="GONZALO"))=0,"",SUMPRODUCT((INPUT!$M$3:$M$1000=$B$3+2)*(INPUT!$N$3:$N$1000="T")*(INPUT!$O$3:$O$1000="GONZALO")*INPUT!$Q$3:$Q$1000)),"")} | L33: =IFERROR(IF(OR(J33="",K33=""),"",J33-K33),"") | M33: {=IFERROR(IF(SUMPRODUCT((INPUT!$M$3:$M$1000=$B$3+3)*(INPUT!$N$3:$N$1000="T")*(INPUT!$O$3:$O$1000="GONZALO"))=0,"",SUMPRODUCT((INPUT!$M$3:$M$1000=$B$3+3)*(INPUT!$N$3:$N$1000="T")*(INPUT!$O$3:$O$1000="GONZALO")*INPUT!$P$3:$P$1000)),"")} | N33: {=IFERROR(IF(SUMPRODUCT((INPUT!$M$3:$M$1000=$B$3+3)*(INPUT!$N$3:$N$1000="T")*(INPUT!$O$3:$O$1000="GONZALO"))=0,"",SUMPRODUCT((INPUT!$M$3:$M$1000=$B$3+3)*(INPUT!$N$3:$N$1000="T")*(INPUT!$O$3:$O$1000="GONZALO")*INPUT!$Q$3:$Q$1000)),"")} | O33: =IFERROR(IF(OR(M33="",N33=""),"",M33-N33),"") | P33: {=IFERROR(IF(SUMPRODUCT((INPUT!$M$3:$M$1000=$B$3+4)*(INPUT!$N$3:$N$1000="T")*(INPUT!$O$3:$O$1000="GONZALO"))=0,"",SUMPRODUCT((INPUT!$M$3:$M$1000=$B$3+4)*(INPUT!$N$3:$N$1000="T")*(INPUT!$O$3:$O$1000="GONZALO")*INPUT!$P$3:$P$1000)),"")} | Q33: {=IFERROR(IF(SUMPRODUCT((INPUT!$M$3:$M$1000=$B$3+4)*(INPUT!$N$3:$N$1000="T")*(INPUT!$O$3:$O$1000="GONZALO"))=0,"",SUMPRODUCT((INPUT!$M$3:$M$1000=$B$3+4)*(INPUT!$N$3:$N$1000="T")*(INPUT!$O$3:$O$1000="GONZALO")*INPUT!$Q$3:$Q$1000)),"")} | R33: =IFERROR(IF(OR(P33="",Q33=""),"",P33-Q33),"") | S33: {=IFERROR(IF(SUMPRODUCT((INPUT!$M$3:$M$1000=$B$3+5)*(INPUT!$N$3:$N$1000="T")*(INPUT!$O$3:$O$1000="GONZALO"))=0,"",SUMPRODUCT((INPUT!$M$3:$M$1000=$B$3+5)*(INPUT!$N$3:$N$1000="T")*(INPUT!$O$3:$O$1000="GONZALO")*INPUT!$P$3:$P$1000)),"")} -> 84.9 | T33: {=IFERROR(IF(SUMPRODUCT((INPUT!$M$3:$M$1000=$B$3+5)*(INPUT!$N$3:$N$1000="T")*(INPUT!$O$3:$O$1000="GONZALO"))=0,"",SUMPRODUCT((INPUT!$M$3:$M$1000=$B$3+5)*(INPUT!$N$3:$N$1000="T")*(INPUT!$O$3:$O$1000="GONZALO")*INPUT!$Q$3:$Q$1000)),"")} -> 84.5 | U33: =IFERROR(IF(OR(S33="",T33=""),"",S33-T33),"") -> 0.4 | V33: {=IFERROR(IF(SUMPRODUCT((INPUT!$M$3:$M$1000=$B$3+6)*(INPUT!$N$3:$N$1000="T")*(INPUT!$O$3:$O$1000="GONZALO"))=0,"",SUMPRODUCT((INPUT!$M$3:$M$1000=$B$3+6)*(INPUT!$N$3:$N$1000="T")*(INPUT!$O$3:$O$1000="GONZALO")*INPUT!$P$3:$P$1000)),"")} | W33: {=IFERROR(IF(SUMPRODUCT((INPUT!$M$3:$M$1000=$B$3+6)*(INPUT!$N$3:$N$1000="T")*(INPUT!$O$3:$O$1000="GONZALO"))=0,"",SUMPRODUCT((INPUT!$M$3:$M$1000=$B$3+6)*(INPUT!$N$3:$N$1000="T")*(INPUT!$O$3:$O$1000="GONZALO")*INPUT!$Q$3:$Q$1000)),"")} | X33: =IFERROR(IF(OR(V33="",W33=""),"",V33-W33),"")
A34: 15 | B34: SEGO | C34: M | D34: {=IFERROR(IF(SUMPRODUCT((INPUT!$M$3:$M$1000=$B$3+0)*(INPUT!$N$3:$N$1000="M")*(INPUT!$O$3:$O$1000="SEGO"))=0,"",SUMPRODUCT((INPUT!$M$3:$M$1000=$B$3+0)*(INPUT!$N$3:$N$1000="M")*(INPUT!$O$3:$O$1000="SEGO")*INPUT!$P$3:$P$1000)),"")} | E34: {=IFERROR(IF(SUMPRODUCT((INPUT!$M$3:$M$1000=$B$3+0)*(INPUT!$N$3:$N$1000="M")*(INPUT!$O$3:$O$1000="SEGO"))=0,"",SUMPRODUCT((INPUT!$M$3:$M$1000=$B$3+0)*(INPUT!$N$3:$N$1000="M")*(INPUT!$O$3:$O$1000="SEGO")*INPUT!$Q$3:$Q$1000)),"")} | F34: =IFERROR(IF(OR(D34="",E34=""),"",D34-E34),"") | G34: {=IFERROR(IF(SUMPRODUCT((INPUT!$M$3:$M$1000=$B$3+1)*(INPUT!$N$3:$N$1000="M")*(INPUT!$O$3:$O$1000="SEGO"))=0,"",SUMPRODUCT((INPUT!$M$3:$M$1000=$B$3+1)*(INPUT!$N$3:$N$1000="M")*(INPUT!$O$3:$O$1000="SEGO")*INPUT!$P$3:$P$1000)),"")} | H34: {=IFERROR(IF(SUMPRODUCT((INPUT!$M$3:$M$1000=$B$3+1)*(INPUT!$N$3:$N$1000="M")*(INPUT!$O$3:$O$1000="SEGO"))=0,"",SUMPRODUCT((INPUT!$M$3:$M$1000=$B$3+1)*(INPUT!$N$3:$N$1000="M")*(INPUT!$O$3:$O$1000="SEGO")*INPUT!$Q$3:$Q$1000)),"")} | I34: =IFERROR(IF(OR(G34="",H34=""),"",G34-H34),"") | J34: {=IFERROR(IF(SUMPRODUCT((INPUT!$M$3:$M$1000=$B$3+2)*(INPUT!$N$3:$N$1000="M")*(INPUT!$O$3:$O$1000="SEGO"))=0,"",SUMPRODUCT((INPUT!$M$3:$M$1000=$B$3+2)*(INPUT!$N$3:$N$1000="M")*(INPUT!$O$3:$O$1000="SEGO")*INPUT!$P$3:$P$1000)),"")} | K34: {=IFERROR(IF(SUMPRODUCT((INPUT!$M$3:$M$1000=$B$3+2)*(INPUT!$N$3:$N$1000="M")*(INPUT!$O$3:$O$1000="SEGO"))=0,"",SUMPRODUCT((INPUT!$M$3:$M$1000=$B$3+2)*(INPUT!$N$3:$N$1000="M")*(INPUT!$O$3:$O$1000="SEGO")*INPUT!$Q$3:$Q$1000)),"")} | L34: =IFERROR(IF(OR(J34="",K34=""),"",J34-K34),"") | M34: {=IFERROR(IF(SUMPRODUCT((INPUT!$M$3:$M$1000=$B$3+3)*(INPUT!$N$3:$N$1000="M")*(INPUT!$O$3:$O$1000="SEGO"))=0,"",SUMPRODUCT((INPUT!$M$3:$M$1000=$B$3+3)*(INPUT!$N$3:$N$1000="M")*(INPUT!$O$3:$O$1000="SEGO")*INPUT!$P$3:$P$1000)),"")} | N34: {=IFERROR(IF(SUMPRODUCT((INPUT!$M$3:$M$1000=$B$3+3)*(INPUT!$N$3:$N$1000="M")*(INPUT!$O$3:$O$1000="SEGO"))=0,"",SUMPRODUCT((INPUT!$M$3:$M$1000=$B$3+3)*(INPUT!$N$3:$N$1000="M")*(INPUT!$O$3:$O$1000="SEGO")*INPUT!$Q$3:$Q$1000)),"")} | O34: =IFERROR(IF(OR(M34="",N34=""),"",M34-N34),"") | P34: {=IFERROR(IF(SUMPRODUCT((INPUT!$M$3:$M$1000=$B$3+4)*(INPUT!$N$3:$N$1000="M")*(INPUT!$O$3:$O$1000="SEGO"))=0,"",SUMPRODUCT((INPUT!$M$3:$M$1000=$B$3+4)*(INPUT!$N$3:$N$1000="M")*(INPUT!$O$3:$O$1000="SEGO")*INPUT!$P$3:$P$1000)),"")} | Q34: {=IFERROR(IF(SUMPRODUCT((INPUT!$M$3:$M$1000=$B$3+4)*(INPUT!$N$3:$N$1000="M")*(INPUT!$O$3:$O$1000="SEGO"))=0,"",SUMPRODUCT((INPUT!$M$3:$M$1000=$B$3+4)*(INPUT!$N$3:$N$1000="M")*(INPUT!$O$3:$O$1000="SEGO")*INPUT!$Q$3:$Q$1000)),"")} | R34: =IFERROR(IF(OR(P34="",Q34=""),"",P34-Q34),"") | S34: {=IFERROR(IF(SUMPRODUCT((INPUT!$M$3:$M$1000=$B$3+5)*(INPUT!$N$3:$N$1000="M")*(INPUT!$O$3:$O$1000="SEGO"))=0,"",SUMPRODUCT((INPUT!$M$3:$M$1000=$B$3+5)*(INPUT!$N$3:$N$1000="M")*(INPUT!$O$3:$O$1000="SEGO")*INPUT!$P$3:$P$1000)),"")} | T34: {=IFERROR(IF(SUMPRODUCT((INPUT!$M$3:$M$1000=$B$3+5)*(INPUT!$N$3:$N$1000="M")*(INPUT!$O$3:$O$1000="SEGO"))=0,"",SUMPRODUCT((INPUT!$M$3:$M$1000=$B$3+5)*(INPUT!$N$3:$N$1000="M")*(INPUT!$O$3:$O$1000="SEGO")*INPUT!$Q$3:$Q$1000)),"")} | U34: =IFERROR(IF(OR(S34="",T34=""),"",S34-T34),"") | V34: {=IFERROR(IF(SUMPRODUCT((INPUT!$M$3:$M$1000=$B$3+6)*(INPUT!$N$3:$N$1000="M")*(INPUT!$O$3:$O$1000="SEGO"))=0,"",SUMPRODUCT((INPUT!$M$3:$M$1000=$B$3+6)*(INPUT!$N$3:$N$1000="M")*(INPUT!$O$3:$O$1000="SEGO")*INPUT!$P$3:$P$1000)),"")} | W34: {=IFERROR(IF(SUMPRODUCT((INPUT!$M$3:$M$1000=$B$3+6)*(INPUT!$N$3:$N$1000="M")*(INPUT!$O$3:$O$1000="SEGO"))=0,"",SUMPRODUCT((INPUT!$M$3:$M$1000=$B$3+6)*(INPUT!$N$3:$N$1000="M")*(INPUT!$O$3:$O$1000="SEGO")*INPUT!$Q$3:$Q$1000)),"")} | X34: =IFERROR(IF(OR(V34="",W34=""),"",V34-W34),"")
C35: T | D35: {=IFERROR(IF(SUMPRODUCT((INPUT!$M$3:$M$1000=$B$3+0)*(INPUT!$N$3:$N$1000="T")*(INPUT!$O$3:$O$1000="SEGO"))=0,"",SUMPRODUCT((INPUT!$M$3:$M$1000=$B$3+0)*(INPUT!$N$3:$N$1000="T")*(INPUT!$O$3:$O$1000="SEGO")*INPUT!$P$3:$P$1000)),"")} | E35: {=IFERROR(IF(SUMPRODUCT((INPUT!$M$3:$M$1000=$B$3+0)*(INPUT!$N$3:$N$1000="T")*(INPUT!$O$3:$O$1000="SEGO"))=0,"",SUMPRODUCT((INPUT!$M$3:$M$1000=$B$3+0)*(INPUT!$N$3:$N$1000="T")*(INPUT!$O$3:$O$1000="SEGO")*INPUT!$Q$3:$Q$1000)),"")} | F35: =IFERROR(IF(OR(D35="",E35=""),"",D35-E35),"") | G35: {=IFERROR(IF(SUMPRODUCT((INPUT!$M$3:$M$1000=$B$3+1)*(INPUT!$N$3:$N$1000="T")*(INPUT!$O$3:$O$1000="SEGO"))=0,"",SUMPRODUCT((INPUT!$M$3:$M$1000=$B$3+1)*(INPUT!$N$3:$N$1000="T")*(INPUT!$O$3:$O$1000="SEGO")*INPUT!$P$3:$P$1000)),"")} | H35: {=IFERROR(IF(SUMPRODUCT((INPUT!$M$3:$M$1000=$B$3+1)*(INPUT!$N$3:$N$1000="T")*(INPUT!$O$3:$O$1000="SEGO"))=0,"",SUMPRODUCT((INPUT!$M$3:$M$1000=$B$3+1)*(INPUT!$N$3:$N$1000="T")*(INPUT!$O$3:$O$1000="SEGO")*INPUT!$Q$3:$Q$1000)),"")} | I35: =IFERROR(IF(OR(G35="",H35=""),"",G35-H35),"") | J35: {=IFERROR(IF(SUMPRODUCT((INPUT!$M$3:$M$1000=$B$3+2)*(INPUT!$N$3:$N$1000="T")*(INPUT!$O$3:$O$1000="SEGO"))=0,"",SUMPRODUCT((INPUT!$M$3:$M$1000=$B$3+2)*(INPUT!$N$3:$N$1000="T")*(INPUT!$O$3:$O$1000="SEGO")*INPUT!$P$3:$P$1000)),"")} | K35: {=IFERROR(IF(SUMPRODUCT((INPUT!$M$3:$M$1000=$B$3+2)*(INPUT!$N$3:$N$1000="T")*(INPUT!$O$3:$O$1000="SEGO"))=0,"",SUMPRODUCT((INPUT!$M$3:$M$1000=$B$3+2)*(INPUT!$N$3:$N$1000="T")*(INPUT!$O$3:$O$1000="SEGO")*INPUT!$Q$3:$Q$1000)),"")} | L35: =IFERROR(IF(OR(J35="",K35=""),"",J35-K35),"") | M35: {=IFERROR(IF(SUMPRODUCT((INPUT!$M$3:$M$1000=$B$3+3)*(INPUT!$N$3:$N$1000="T")*(INPUT!$O$3:$O$1000="SEGO"))=0,"",SUMPRODUCT((INPUT!$M$3:$M$1000=$B$3+3)*(INPUT!$N$3:$N$1000="T")*(INPUT!$O$3:$O$1000="SEGO")*INPUT!$P$3:$P$1000)),"")} | N35: {=IFERROR(IF(SUMPRODUCT((INPUT!$M$3:$M$1000=$B$3+3)*(INPUT!$N$3:$N$1000="T")*(INPUT!$O$3:$O$1000="SEGO"))=0,"",SUMPRODUCT((INPUT!$M$3:$M$1000=$B$3+3)*(INPUT!$N$3:$N$1000="T")*(INPUT!$O$3:$O$1000="SEGO")*INPUT!$Q$3:$Q$1000)),"")} | O35: =IFERROR(IF(OR(M35="",N35=""),"",M35-N35),"") | P35: {=IFERROR(IF(SUMPRODUCT((INPUT!$M$3:$M$1000=$B$3+4)*(INPUT!$N$3:$N$1000="T")*(INPUT!$O$3:$O$1000="SEGO"))=0,"",SUMPRODUCT((INPUT!$M$3:$M$1000=$B$3+4)*(INPUT!$N$3:$N$1000="T")*(INPUT!$O$3:$O$1000="SEGO")*INPUT!$P$3:$P$1000)),"")} | Q35: {=IFERROR(IF(SUMPRODUCT((INPUT!$M$3:$M$1000=$B$3+4)*(INPUT!$N$3:$N$1000="T")*(INPUT!$O$3:$O$1000="SEGO"))=0,"",SUMPRODUCT((INPUT!$M$3:$M$1000=$B$3+4)*(INPUT!$N$3:$N$1000="T")*(INPUT!$O$3:$O$1000="SEGO")*INPUT!$Q$3:$Q$1000)),"")} | R35: =IFERROR(IF(OR(P35="",Q35=""),"",P35-Q35),"") | S35: {=IFERROR(IF(SUMPRODUCT((INPUT!$M$3:$M$1000=$B$3+5)*(INPUT!$N$3:$N$1000="T")*(INPUT!$O$3:$O$1000="SEGO"))=0,"",SUMPRODUCT((INPUT!$M$3:$M$1000=$B$3+5)*(INPUT!$N$3:$N$1000="T")*(INPUT!$O$3:$O$1000="SEGO")*INPUT!$P$3:$P$1000)),"")} | T35: {=IFERROR(IF(SUMPRODUCT((INPUT!$M$3:$M$1000=$B$3+5)*(INPUT!$N$3:$N$1000="T")*(INPUT!$O$3:$O$1000="SEGO"))=0,"",SUMPRODUCT((INPUT!$M$3:$M$1000=$B$3+5)*(INPUT!$N$3:$N$1000="T")*(INPUT!$O$3:$O$1000="SEGO")*INPUT!$Q$3:$Q$1000)),"")} | U35: =IFERROR(IF(OR(S35="",T35=""),"",S35-T35),"") | V35: {=IFERROR(IF(SUMPRODUCT((INPUT!$M$3:$M$1000=$B$3+6)*(INPUT!$N$3:$N$1000="T")*(INPUT!$O$3:$O$1000="SEGO"))=0,"",SUMPRODUCT((INPUT!$M$3:$M$1000=$B$3+6)*(INPUT!$N$3:$N$1000="T")*(INPUT!$O$3:$O$1000="SEGO")*INPUT!$P$3:$P$1000)),"")} | W35: {=IFERROR(IF(SUMPRODUCT((INPUT!$M$3:$M$1000=$B$3+6)*(INPUT!$N$3:$N$1000="T")*(INPUT!$O$3:$O$1000="SEGO"))=0,"",SUMPRODUCT((INPUT!$M$3:$M$1000=$B$3+6)*(INPUT!$N$3:$N$1000="T")*(INPUT!$O$3:$O$1000="SEGO")*INPUT!$Q$3:$Q$1000)),"")} | X35: =IFERROR(IF(OR(V35="",W35=""),"",V35-W35),"")
A36: 16 | B36: RUBIO | C36: M | D36: {=IFERROR(IF(SUMPRODUCT((INPUT!$M$3:$M$1000=$B$3+0)*(INPUT!$N$3:$N$1000="M")*(INPUT!$O$3:$O$1000="RUBIO"))=0,"",SUMPRODUCT((INPUT!$M$3:$M$1000=$B$3+0)*(INPUT!$N$3:$N$1000="M")*(INPUT!$O$3:$O$1000="RUBIO")*INPUT!$P$3:$P$1000)),"")} | E36: {=IFERROR(IF(SUMPRODUCT((INPUT!$M$3:$M$1000=$B$3+0)*(INPUT!$N$3:$N$1000="M")*(INPUT!$O$3:$O$1000="RUBIO"))=0,"",SUMPRODUCT((INPUT!$M$3:$M$1000=$B$3+0)*(INPUT!$N$3:$N$1000="M")*(INPUT!$O$3:$O$1000="RUBIO")*INPUT!$Q$3:$Q$1000)),"")} | F36: =IFERROR(IF(OR(D36="",E36=""),"",D36-E36),"") | G36: {=IFERROR(IF(SUMPRODUCT((INPUT!$M$3:$M$1000=$B$3+1)*(INPUT!$N$3:$N$1000="M")*(INPUT!$O$3:$O$1000="RUBIO"))=0,"",SUMPRODUCT((INPUT!$M$3:$M$1000=$B$3+1)*(INPUT!$N$3:$N$1000="M")*(INPUT!$O$3:$O$1000="RUBIO")*INPUT!$P$3:$P$1000)),"")} -> 74.8 | H36: {=IFERROR(IF(SUMPRODUCT((INPUT!$M$3:$M$1000=$B$3+1)*(INPUT!$N$3:$N$1000="M")*(INPUT!$O$3:$O$1000="RUBIO"))=0,"",SUMPRODUCT((INPUT!$M$3:$M$1000=$B$3+1)*(INPUT!$N$3:$N$1000="M")*(INPUT!$O$3:$O$1000="RUBIO")*INPUT!$Q$3:$Q$1000)),"")} -> 74.5 | I36: =IFERROR(IF(OR(G36="",H36=""),"",G36-H36),"") -> 0.3 | J36: {=IFERROR(IF(SUMPRODUCT((INPUT!$M$3:$M$1000=$B$3+2)*(INPUT!$N$3:$N$1000="M")*(INPUT!$O$3:$O$1000="RUBIO"))=0,"",SUMPRODUCT((INPUT!$M$3:$M$1000=$B$3+2)*(INPUT!$N$3:$N$1000="M")*(INPUT!$O$3:$O$1000="RUBIO")*INPUT!$P$3:$P$1000)),"")} -> 74.8 | K36: {=IFERROR(IF(SUMPRODUCT((INPUT!$M$3:$M$1000=$B$3+2)*(INPUT!$N$3:$N$1000="M")*(INPUT!$O$3:$O$1000="RUBIO"))=0,"",SUMPRODUCT((INPUT!$M$3:$M$1000=$B$3+2)*(INPUT!$N$3:$N$1000="M")*(INPUT!$O$3:$O$1000="RUBIO")*INPUT!$Q$3:$Q$1000)),"")} -> 74.7 | L36: =IFERROR(IF(OR(J36="",K36=""),"",J36-K36),"") -> 0.1 | M36: {=IFERROR(IF(SUMPRODUCT((INPUT!$M$3:$M$1000=$B$3+3)*(INPUT!$N$3:$N$1000="M")*(INPUT!$O$3:$O$1000="RUBIO"))=0,"",SUMPRODUCT((INPUT!$M$3:$M$1000=$B$3+3)*(INPUT!$N$3:$N$1000="M")*(INPUT!$O$3:$O$1000="RUBIO")*INPUT!$P$3:$P$1000)),"")} -> 74.8 | N36: {=IFERROR(IF(SUMPRODUCT((INPUT!$M$3:$M$1000=$B$3+3)*(INPUT!$N$3:$N$1000="M")*(INPUT!$O$3:$O$1000="RUBIO"))=0,"",SUMPRODUCT((INPUT!$M$3:$M$1000=$B$3+3)*(INPUT!$N$3:$N$1000="M")*(INPUT!$O$3:$O$1000="RUBIO")*INPUT!$Q$3:$Q$1000)),"")} -> 74.7 | O36: =IFERROR(IF(OR(M36="",N36=""),"",M36-N36),"") -> 0.1 | P36: {=IFERROR(IF(SUMPRODUCT((INPUT!$M$3:$M$1000=$B$3+4)*(INPUT!$N$3:$N$1000="M")*(INPUT!$O$3:$O$1000="RUBIO"))=0,"",SUMPRODUCT((INPUT!$M$3:$M$1000=$B$3+4)*(INPUT!$N$3:$N$1000="M")*(INPUT!$O$3:$O$1000="RUBIO")*INPUT!$P$3:$P$1000)),"")} -> 74.7 | Q36: {=IFERROR(IF(SUMPRODUCT((INPUT!$M$3:$M$1000=$B$3+4)*(INPUT!$N$3:$N$1000="M")*(INPUT!$O$3:$O$1000="RUBIO"))=0,"",SUMPRODUCT((INPUT!$M$3:$M$1000=$B$3+4)*(INPUT!$N$3:$N$1000="M")*(INPUT!$O$3:$O$1000="RUBIO")*INPUT!$Q$3:$Q$1000)),"")} -> 74.7 | R36: =IFERROR(IF(OR(P36="",Q36=""),"",P36-Q36),"") -> 0 | S36: {=IFERROR(IF(SUMPRODUCT((INPUT!$M$3:$M$1000=$B$3+5)*(INPUT!$N$3:$N$1000="M")*(INPUT!$O$3:$O$1000="RUBIO"))=0,"",SUMPRODUCT((INPUT!$M$3:$M$1000=$B$3+5)*(INPUT!$N$3:$N$1000="M")*(INPUT!$O$3:$O$1000="RUBIO")*INPUT!$P$3:$P$1000)),"")} | T36: {=IFERROR(IF(SUMPRODUCT((INPUT!$M$3:$M$1000=$B$3+5)*(INPUT!$N$3:$N$1000="M")*(INPUT!$O$3:$O$1000="RUBIO"))=0,"",SUMPRODUCT((INPUT!$M$3:$M$1000=$B$3+5)*(INPUT!$N$3:$N$1000="M")*(INPUT!$O$3:$O$1000="RUBIO")*INPUT!$Q$3:$Q$1000)),"")} | U36: =IFERROR(IF(OR(S36="",T36=""),"",S36-T36),"") | V36: {=IFERROR(IF(SUMPRODUCT((INPUT!$M$3:$M$1000=$B$3+6)*(INPUT!$N$3:$N$1000="M")*(INPUT!$O$3:$O$1000="RUBIO"))=0,"",SUMPRODUCT((INPUT!$M$3:$M$1000=$B$3+6)*(INPUT!$N$3:$N$1000="M")*(INPUT!$O$3:$O$1000="RUBIO")*INPUT!$P$3:$P$1000)),"")} | W36: {=IFERROR(IF(SUMPRODUCT((INPUT!$M$3:$M$1000=$B$3+6)*(INPUT!$N$3:$N$1000="M")*(INPUT!$O$3:$O$1000="RUBIO"))=0,"",SUMPRODUCT((INPUT!$M$3:$M$1000=$B$3+6)*(INPUT!$N$3:$N$1000="M")*(INPUT!$O$3:$O$1000="RUBIO")*INPUT!$Q$3:$Q$1000)),"")} | X36: =IFERROR(IF(OR(V36="",W36=""),"",V36-W36),"")
C37: T | D37: {=IFERROR(IF(SUMPRODUCT((INPUT!$M$3:$M$1000=$B$3+0)*(INPUT!$N$3:$N$1000="T")*(INPUT!$O$3:$O$1000="RUBIO"))=0,"",SUMPRODUCT((INPUT!$M$3:$M$1000=$B$3+0)*(INPUT!$N$3:$N$1000="T")*(INPUT!$O$3:$O$1000="RUBIO")*INPUT!$P$3:$P$1000)),"")} | E37: {=IFERROR(IF(SUMPRODUCT((INPUT!$M$3:$M$1000=$B$3+0)*(INPUT!$N$3:$N$1000="T")*(INPUT!$O$3:$O$1000="RUBIO"))=0,"",SUMPRODUCT((INPUT!$M$3:$M$1000=$B$3+0)*(INPUT!$N$3:$N$1000="T")*(INPUT!$O$3:$O$1000="RUBIO")*INPUT!$Q$3:$Q$1000)),"")} | F37: =IFERROR(IF(OR(D37="",E37=""),"",D37-E37),"") | G37: {=IFERROR(IF(SUMPRODUCT((INPUT!$M$3:$M$1000=$B$3+1)*(INPUT!$N$3:$N$1000="T")*(INPUT!$O$3:$O$1000="RUBIO"))=0,"",SUMPRODUCT((INPUT!$M$3:$M$1000=$B$3+1)*(INPUT!$N$3:$N$1000="T")*(INPUT!$O$3:$O$1000="RUBIO")*INPUT!$P$3:$P$1000)),"")} | H37: {=IFERROR(IF(SUMPRODUCT((INPUT!$M$3:$M$1000=$B$3+1)*(INPUT!$N$3:$N$1000="T")*(INPUT!$O$3:$O$1000="RUBIO"))=0,"",SUMPRODUCT((INPUT!$M$3:$M$1000=$B$3+1)*(INPUT!$N$3:$N$1000="T")*(INPUT!$O$3:$O$1000="RUBIO")*INPUT!$Q$3:$Q$1000)),"")} | I37: =IFERROR(IF(OR(G37="",H37=""),"",G37-H37),"") | J37: {=IFERROR(IF(SUMPRODUCT((INPUT!$M$3:$M$1000=$B$3+2)*(INPUT!$N$3:$N$1000="T")*(INPUT!$O$3:$O$1000="RUBIO"))=0,"",SUMPRODUCT((INPUT!$M$3:$M$1000=$B$3+2)*(INPUT!$N$3:$N$1000="T")*(INPUT!$O$3:$O$1000="RUBIO")*INPUT!$P$3:$P$1000)),"")} | K37: {=IFERROR(IF(SUMPRODUCT((INPUT!$M$3:$M$1000=$B$3+2)*(INPUT!$N$3:$N$1000="T")*(INPUT!$O$3:$O$1000="RUBIO"))=0,"",SUMPRODUCT((INPUT!$M$3:$M$1000=$B$3+2)*(INPUT!$N$3:$N$1000="T")*(INPUT!$O$3:$O$1000="RUBIO")*INPUT!$Q$3:$Q$1000)),"")} | L37: =IFERROR(IF(OR(J37="",K37=""),"",J37-K37),"") | M37: {=IFERROR(IF(SUMPRODUCT((INPUT!$M$3:$M$1000=$B$3+3)*(INPUT!$N$3:$N$1000="T")*(INPUT!$O$3:$O$1000="RUBIO"))=0,"",SUMPRODUCT((INPUT!$M$3:$M$1000=$B$3+3)*(INPUT!$N$3:$N$1000="T")*(INPUT!$O$3:$O$1000="RUBIO")*INPUT!$P$3:$P$1000)),"")} | N37: {=IFERROR(IF(SUMPRODUCT((INPUT!$M$3:$M$1000=$B$3+3)*(INPUT!$N$3:$N$1000="T")*(INPUT!$O$3:$O$1000="RUBIO"))=0,"",SUMPRODUCT((INPUT!$M$3:$M$1000=$B$3+3)*(INPUT!$N$3:$N$1000="T")*(INPUT!$O$3:$O$1000="RUBIO")*INPUT!$Q$3:$Q$1000)),"")} | O37: =IFERROR(IF(OR(M37="",N37=""),"",M37-N37),"") | P37: {=IFERROR(IF(SUMPRODUCT((INPUT!$M$3:$M$1000=$B$3+4)*(INPUT!$N$3:$N$1000="T")*(INPUT!$O$3:$O$1000="RUBIO"))=0,"",SUMPRODUCT((INPUT!$M$3:$M$1000=$B$3+4)*(INPUT!$N$3:$N$1000="T")*(INPUT!$O$3:$O$1000="RUBIO")*INPUT!$P$3:$P$1000)),"")} | Q37: {=IFERROR(IF(SUMPRODUCT((INPUT!$M$3:$M$1000=$B$3+4)*(INPUT!$N$3:$N$1000="T")*(INPUT!$O$3:$O$1000="RUBIO"))=0,"",SUMPRODUCT((INPUT!$M$3:$M$1000=$B$3+4)*(INPUT!$N$3:$N$1000="T")*(INPUT!$O$3:$O$1000="RUBIO")*INPUT!$Q$3:$Q$1000)),"")} | R37: =IFERROR(IF(OR(P37="",Q37=""),"",P37-Q37),"") | S37: {=IFERROR(IF(SUMPRODUCT((INPUT!$M$3:$M$1000=$B$3+5)*(INPUT!$N$3:$N$1000="T")*(INPUT!$O$3:$O$1000="RUBIO"))=0,"",SUMPRODUCT((INPUT!$M$3:$M$1000=$B$3+5)*(INPUT!$N$3:$N$1000="T")*(INPUT!$O$3:$O$1000="RUBIO")*INPUT!$P$3:$P$1000)),"")} -> 74.6 | T37: {=IFERROR(IF(SUMPRODUCT((INPUT!$M$3:$M$1000=$B$3+5)*(INPUT!$N$3:$N$1000="T")*(INPUT!$O$3:$O$1000="RUBIO"))=0,"",SUMPRODUCT((INPUT!$M$3:$M$1000=$B$3+5)*(INPUT!$N$3:$N$1000="T")*(INPUT!$O$3:$O$1000="RUBIO")*INPUT!$Q$3:$Q$1000)),"")} -> 74.6 | U37: =IFERROR(IF(OR(S37="",T37=""),"",S37-T37),"") -> 0 | V37: {=IFERROR(IF(SUMPRODUCT((INPUT!$M$3:$M$1000=$B$3+6)*(INPUT!$N$3:$N$1000="T")*(INPUT!$O$3:$O$1000="RUBIO"))=0,"",SUMPRODUCT((INPUT!$M$3:$M$1000=$B$3+6)*(INPUT!$N$3:$N$1000="T")*(INPUT!$O$3:$O$1000="RUBIO")*INPUT!$P$3:$P$1000)),"")} | W37: {=IFERROR(IF(SUMPRODUCT((INPUT!$M$3:$M$1000=$B$3+6)*(INPUT!$N$3:$N$1000="T")*(INPUT!$O$3:$O$1000="RUBIO"))=0,"",SUMPRODUCT((INPUT!$M$3:$M$1000=$B$3+6)*(INPUT!$N$3:$N$1000="T")*(INPUT!$O$3:$O$1000="RUBIO")*INPUT!$Q$3:$Q$1000)),"")} | X37: =IFERROR(IF(OR(V37="",W37=""),"",V37-W37),"")
A38: 17 | B38: DANI | C38: M | D38: {=IFERROR(IF(SUMPRODUCT((INPUT!$M$3:$M$1000=$B$3+0)*(INPUT!$N$3:$N$1000="M")*(INPUT!$O$3:$O$1000="DANI"))=0,"",SUMPRODUCT((INPUT!$M$3:$M$1000=$B$3+0)*(INPUT!$N$3:$N$1000="M")*(INPUT!$O$3:$O$1000="DANI")*INPUT!$P$3:$P$1000)),"")} | E38: {=IFERROR(IF(SUMPRODUCT((INPUT!$M$3:$M$1000=$B$3+0)*(INPUT!$N$3:$N$1000="M")*(INPUT!$O$3:$O$1000="DANI"))=0,"",SUMPRODUCT((INPUT!$M$3:$M$1000=$B$3+0)*(INPUT!$N$3:$N$1000="M")*(INPUT!$O$3:$O$1000="DANI")*INPUT!$Q$3:$Q$1000)),"")} | F38: =IFERROR(IF(OR(D38="",E38=""),"",D38-E38),"") | G38: {=IFERROR(IF(SUMPRODUCT((INPUT!$M$3:$M$1000=$B$3+1)*(INPUT!$N$3:$N$1000="M")*(INPUT!$O$3:$O$1000="DANI"))=0,"",SUMPRODUCT((INPUT!$M$3:$M$1000=$B$3+1)*(INPUT!$N$3:$N$1000="M")*(INPUT!$O$3:$O$1000="DANI")*INPUT!$P$3:$P$1000)),"")} -> 93.2 | H38: {=IFERROR(IF(SUMPRODUCT((INPUT!$M$3:$M$1000=$B$3+1)*(INPUT!$N$3:$N$1000="M")*(INPUT!$O$3:$O$1000="DANI"))=0,"",SUMPRODUCT((INPUT!$M$3:$M$1000=$B$3+1)*(INPUT!$N$3:$N$1000="M")*(INPUT!$O$3:$O$1000="DANI")*INPUT!$Q$3:$Q$1000)),"")} -> 92.8 | I38: =IFERROR(IF(OR(G38="",H38=""),"",G38-H38),"") -> 0.4 | J38: {=IFERROR(IF(SUMPRODUCT((INPUT!$M$3:$M$1000=$B$3+2)*(INPUT!$N$3:$N$1000="M")*(INPUT!$O$3:$O$1000="DANI"))=0,"",SUMPRODUCT((INPUT!$M$3:$M$1000=$B$3+2)*(INPUT!$N$3:$N$1000="M")*(INPUT!$O$3:$O$1000="DANI")*INPUT!$P$3:$P$1000)),"")} | K38: {=IFERROR(IF(SUMPRODUCT((INPUT!$M$3:$M$1000=$B$3+2)*(INPUT!$N$3:$N$1000="M")*(INPUT!$O$3:$O$1000="DANI"))=0,"",SUMPRODUCT((INPUT!$M$3:$M$1000=$B$3+2)*(INPUT!$N$3:$N$1000="M")*(INPUT!$O$3:$O$1000="DANI")*INPUT!$Q$3:$Q$1000)),"")} | L38: =IFERROR(IF(OR(J38="",K38=""),"",J38-K38),"") | M38: {=IFERROR(IF(SUMPRODUCT((INPUT!$M$3:$M$1000=$B$3+3)*(INPUT!$N$3:$N$1000="M")*(INPUT!$O$3:$O$1000="DANI"))=0,"",SUMPRODUCT((INPUT!$M$3:$M$1000=$B$3+3)*(INPUT!$N$3:$N$1000="M")*(INPUT!$O$3:$O$1000="DANI")*INPUT!$P$3:$P$1000)),"")} | N38: {=IFERROR(IF(SUMPRODUCT((INPUT!$M$3:$M$1000=$B$3+3)*(INPUT!$N$3:$N$1000="M")*(INPUT!$O$3:$O$1000="DANI"))=0,"",SUMPRODUCT((INPUT!$M$3:$M$1000=$B$3+3)*(INPUT!$N$3:$N$1000="M")*(INPUT!$O$3:$O$1000="DANI")*INPUT!$Q$3:$Q$1000)),"")} | O38: =IFERROR(IF(OR(M38="",N38=""),"",M38-N38),"") | P38: {=IFERROR(IF(SUMPRODUCT((INPUT!$M$3:$M$1000=$B$3+4)*(INPUT!$N$3:$N$1000="M")*(INPUT!$O$3:$O$1000="DANI"))=0,"",SUMPRODUCT((INPUT!$M$3:$M$1000=$B$3+4)*(INPUT!$N$3:$N$1000="M")*(INPUT!$O$3:$O$1000="DANI")*INPUT!$P$3:$P$1000)),"")} -> 93.2 | Q38: {=IFERROR(IF(SUMPRODUCT((INPUT!$M$3:$M$1000=$B$3+4)*(INPUT!$N$3:$N$1000="M")*(INPUT!$O$3:$O$1000="DANI"))=0,"",SUMPRODUCT((INPUT!$M$3:$M$1000=$B$3+4)*(INPUT!$N$3:$N$1000="M")*(INPUT!$O$3:$O$1000="DANI")*INPUT!$Q$3:$Q$1000)),"")} -> 93.6 | R38: =IFERROR(IF(OR(P38="",Q38=""),"",P38-Q38),"") -> -0.4 | S38: {=IFERROR(IF(SUMPRODUCT((INPUT!$M$3:$M$1000=$B$3+5)*(INPUT!$N$3:$N$1000="M")*(INPUT!$O$3:$O$1000="DANI"))=0,"",SUMPRODUCT((INPUT!$M$3:$M$1000=$B$3+5)*(INPUT!$N$3:$N$1000="M")*(INPUT!$O$3:$O$1000="DANI")*INPUT!$P$3:$P$1000)),"")} | T38: {=IFERROR(IF(SUMPRODUCT((INPUT!$M$3:$M$1000=$B$3+5)*(INPUT!$N$3:$N$1000="M")*(INPUT!$O$3:$O$1000="DANI"))=0,"",SUMPRODUCT((INPUT!$M$3:$M$1000=$B$3+5)*(INPUT!$N$3:$N$1000="M")*(INPUT!$O$3:$O$1000="DANI")*INPUT!$Q$3:$Q$1000)),"")} | U38: =IFERROR(IF(OR(S38="",T38=""),"",S38-T38),"") | V38: {=IFERROR(IF(SUMPRODUCT((INPUT!$M$3:$M$1000=$B$3+6)*(INPUT!$N$3:$N$1000="M")*(INPUT!$O$3:$O$1000="DANI"))=0,"",SUMPRODUCT((INPUT!$M$3:$M$1000=$B$3+6)*(INPUT!$N$3:$N$1000="M")*(INPUT!$O$3:$O$1000="DANI")*INPUT!$P$3:$P$1000)),"")} | W38: {=IFERROR(IF(SUMPRODUCT((INPUT!$M$3:$M$1000=$B$3+6)*(INPUT!$N$3:$N$1000="M")*(INPUT!$O$3:$O$1000="DANI"))=0,"",SUMPRODUCT((INPUT!$M$3:$M$1000=$B$3+6)*(INPUT!$N$3:$N$1000="M")*(INPUT!$O$3:$O$1000="DANI")*INPUT!$Q$3:$Q$1000)),"")} | X38: =IFERROR(IF(OR(V38="",W38=""),"",V38-W38),"")
C39: T | D39: {=IFERROR(IF(SUMPRODUCT((INPUT!$M$3:$M$1000=$B$3+0)*(INPUT!$N$3:$N$1000="T")*(INPUT!$O$3:$O$1000="DANI"))=0,"",SUMPRODUCT((INPUT!$M$3:$M$1000=$B$3+0)*(INPUT!$N$3:$N$1000="T")*(INPUT!$O$3:$O$1000="DANI")*INPUT!$P$3:$P$1000)),"")} | E39: {=IFERROR(IF(SUMPRODUCT((INPUT!$M$3:$M$1000=$B$3+0)*(INPUT!$N$3:$N$1000="T")*(INPUT!$O$3:$O$1000="DANI"))=0,"",SUMPRODUCT((INPUT!$M$3:$M$1000=$B$3+0)*(INPUT!$N$3:$N$1000="T")*(INPUT!$O$3:$O$1000="DANI")*INPUT!$Q$3:$Q$1000)),"")} | F39: =IFERROR(IF(OR(D39="",E39=""),"",D39-E39),"") | G39: {=IFERROR(IF(SUMPRODUCT((INPUT!$M$3:$M$1000=$B$3+1)*(INPUT!$N$3:$N$1000="T")*(INPUT!$O$3:$O$1000="DANI"))=0,"",SUMPRODUCT((INPUT!$M$3:$M$1000=$B$3+1)*(INPUT!$N$3:$N$1000="T")*(INPUT!$O$3:$O$1000="DANI")*INPUT!$P$3:$P$1000)),"")} | H39: {=IFERROR(IF(SUMPRODUCT((INPUT!$M$3:$M$1000=$B$3+1)*(INPUT!$N$3:$N$1000="T")*(INPUT!$O$3:$O$1000="DANI"))=0,"",SUMPRODUCT((INPUT!$M$3:$M$1000=$B$3+1)*(INPUT!$N$3:$N$1000="T")*(INPUT!$O$3:$O$1000="DANI")*INPUT!$Q$3:$Q$1000)),"")} | I39: =IFERROR(IF(OR(G39="",H39=""),"",G39-H39),"") | J39: {=IFERROR(IF(SUMPRODUCT((INPUT!$M$3:$M$1000=$B$3+2)*(INPUT!$N$3:$N$1000="T")*(INPUT!$O$3:$O$1000="DANI"))=0,"",SUMPRODUCT((INPUT!$M$3:$M$1000=$B$3+2)*(INPUT!$N$3:$N$1000="T")*(INPUT!$O$3:$O$1000="DANI")*INPUT!$P$3:$P$1000)),"")} | K39: {=IFERROR(IF(SUMPRODUCT((INPUT!$M$3:$M$1000=$B$3+2)*(INPUT!$N$3:$N$1000="T")*(INPUT!$O$3:$O$1000="DANI"))=0,"",SUMPRODUCT((INPUT!$M$3:$M$1000=$B$3+2)*(INPUT!$N$3:$N$1000="T")*(INPUT!$O$3:$O$1000="DANI")*INPUT!$Q$3:$Q$1000)),"")} | L39: =IFERROR(IF(OR(J39="",K39=""),"",J39-K39),"") | M39: {=IFERROR(IF(SUMPRODUCT((INPUT!$M$3:$M$1000=$B$3+3)*(INPUT!$N$3:$N$1000="T")*(INPUT!$O$3:$O$1000="DANI"))=0,"",SUMPRODUCT((INPUT!$M$3:$M$1000=$B$3+3)*(INPUT!$N$3:$N$1000="T")*(INPUT!$O$3:$O$1000="DANI")*INPUT!$P$3:$P$1000)),"")} | N39: {=IFERROR(IF(SUMPRODUCT((INPUT!$M$3:$M$1000=$B$3+3)*(INPUT!$N$3:$N$1000="T")*(INPUT!$O$3:$O$1000="DANI"))=0,"",SUMPRODUCT((INPUT!$M$3:$M$1000=$B$3+3)*(INPUT!$N$3:$N$1000="T")*(INPUT!$O$3:$O$1000="DANI")*INPUT!$Q$3:$Q$1000)),"")} | O39: =IFERROR(IF(OR(M39="",N39=""),"",M39-N39),"") | P39: {=IFERROR(IF(SUMPRODUCT((INPUT!$M$3:$M$1000=$B$3+4)*(INPUT!$N$3:$N$1000="T")*(INPUT!$O$3:$O$1000="DANI"))=0,"",SUMPRODUCT((INPUT!$M$3:$M$1000=$B$3+4)*(INPUT!$N$3:$N$1000="T")*(INPUT!$O$3:$O$1000="DANI")*INPUT!$P$3:$P$1000)),"")} | Q39: {=IFERROR(IF(SUMPRODUCT((INPUT!$M$3:$M$1000=$B$3+4)*(INPUT!$N$3:$N$1000="T")*(INPUT!$O$3:$O$1000="DANI"))=0,"",SUMPRODUCT((INPUT!$M$3:$M$1000=$B$3+4)*(INPUT!$N$3:$N$1000="T")*(INPUT!$O$3:$O$1000="DANI")*INPUT!$Q$3:$Q$1000)),"")} | R39: =IFERROR(IF(OR(P39="",Q39=""),"",P39-Q39),"") | S39: {=IFERROR(IF(SUMPRODUCT((INPUT!$M$3:$M$1000=$B$3+5)*(INPUT!$N$3:$N$1000="T")*(INPUT!$O$3:$O$1000="DANI"))=0,"",SUMPRODUCT((INPUT!$M$3:$M$1000=$B$3+5)*(INPUT!$N$3:$N$1000="T")*(INPUT!$O$3:$O$1000="DANI")*INPUT!$P$3:$P$1000)),"")} -> 93.4 | T39: {=IFERROR(IF(SUMPRODUCT((INPUT!$M$3:$M$1000=$B$3+5)*(INPUT!$N$3:$N$1000="T")*(INPUT!$O$3:$O$1000="DANI"))=0,"",SUMPRODUCT((INPUT!$M$3:$M$1000=$B$3+5)*(INPUT!$N$3:$N$1000="T")*(INPUT!$O$3:$O$1000="DANI")*INPUT!$Q$3:$Q$1000)),"")} -> 93 | U39: =IFERROR(IF(OR(S39="",T39=""),"",S39-T39),"") -> 0.4 | V39: {=IFERROR(IF(SUMPRODUCT((INPUT!$M$3:$M$1000=$B$3+6)*(INPUT!$N$3:$N$1000="T")*(INPUT!$O$3:$O$1000="DANI"))=0,"",SUMPRODUCT((INPUT!$M$3:$M$1000=$B$3+6)*(INPUT!$N$3:$N$1000="T")*(INPUT!$O$3:$O$1000="DANI")*INPUT!$P$3:$P$1000)),"")} | W39: {=IFERROR(IF(SUMPRODUCT((INPUT!$M$3:$M$1000=$B$3+6)*(INPUT!$N$3:$N$1000="T")*(INPUT!$O$3:$O$1000="DANI"))=0,"",SUMPRODUCT((INPUT!$M$3:$M$1000=$B$3+6)*(INPUT!$N$3:$N$1000="T")*(INPUT!$O$3:$O$1000="DANI")*INPUT!$Q$3:$Q$1000)),"")} | X39: =IFERROR(IF(OR(V39="",W39=""),"",V39-W39),"")
A40: 18 | B40: JAIME | C40: M | D40: {=IFERROR(IF(SUMPRODUCT((INPUT!$M$3:$M$1000=$B$3+0)*(INPUT!$N$3:$N$1000="M")*(INPUT!$O$3:$O$1000="JAIME"))=0,"",SUMPRODUCT((INPUT!$M$3:$M$1000=$B$3+0)*(INPUT!$N$3:$N$1000="M")*(INPUT!$O$3:$O$1000="JAIME")*INPUT!$P$3:$P$1000)),"")} | E40: {=IFERROR(IF(SUMPRODUCT((INPUT!$M$3:$M$1000=$B$3+0)*(INPUT!$N$3:$N$1000="M")*(INPUT!$O$3:$O$1000="JAIME"))=0,"",SUMPRODUCT((INPUT!$M$3:$M$1000=$B$3+0)*(INPUT!$N$3:$N$1000="M")*(INPUT!$O$3:$O$1000="JAIME")*INPUT!$Q$3:$Q$1000)),"")} | F40: =IFERROR(IF(OR(D40="",E40=""),"",D40-E40),"") | G40: {=IFERROR(IF(SUMPRODUCT((INPUT!$M$3:$M$1000=$B$3+1)*(INPUT!$N$3:$N$1000="M")*(INPUT!$O$3:$O$1000="JAIME"))=0,"",SUMPRODUCT((INPUT!$M$3:$M$1000=$B$3+1)*(INPUT!$N$3:$N$1000="M")*(INPUT!$O$3:$O$1000="JAIME")*INPUT!$P$3:$P$1000)),"")} | H40: {=IFERROR(IF(SUMPRODUCT((INPUT!$M$3:$M$1000=$B$3+1)*(INPUT!$N$3:$N$1000="M")*(INPUT!$O$3:$O$1000="JAIME"))=0,"",SUMPRODUCT((INPUT!$M$3:$M$1000=$B$3+1)*(INPUT!$N$3:$N$1000="M")*(INPUT!$O$3:$O$1000="JAIME")*INPUT!$Q$3:$Q$1000)),"")} | I40: =IFERROR(IF(OR(G40="",H40=""),"",G40-H40),"") | J40: {=IFERROR(IF(SUMPRODUCT((INPUT!$M$3:$M$1000=$B$3+2)*(INPUT!$N$3:$N$1000="M")*(INPUT!$O$3:$O$1000="JAIME"))=0,"",SUMPRODUCT((INPUT!$M$3:$M$1000=$B$3+2)*(INPUT!$N$3:$N$1000="M")*(INPUT!$O$3:$O$1000="JAIME")*INPUT!$P$3:$P$1000)),"")} | K40: {=IFERROR(IF(SUMPRODUCT((INPUT!$M$3:$M$1000=$B$3+2)*(INPUT!$N$3:$N$1000="M")*(INPUT!$O$3:$O$1000="JAIME"))=0,"",SUMPRODUCT((INPUT!$M$3:$M$1000=$B$3+2)*(INPUT!$N$3:$N$1000="M")*(INPUT!$O$3:$O$1000="JAIME")*INPUT!$Q$3:$Q$1000)),"")} | L40: =IFERROR(IF(OR(J40="",K40=""),"",J40-K40),"") | M40: {=IFERROR(IF(SUMPRODUCT((INPUT!$M$3:$M$1000=$B$3+3)*(INPUT!$N$3:$N$1000="M")*(INPUT!$O$3:$O$1000="JAIME"))=0,"",SUMPRODUCT((INPUT!$M$3:$M$1000=$B$3+3)*(INPUT!$N$3:$N$1000="M")*(INPUT!$O$3:$O$1000="JAIME")*INPUT!$P$3:$P$1000)),"")} | N40: {=IFERROR(IF(SUMPRODUCT((INPUT!$M$3:$M$1000=$B$3+3)*(INPUT!$N$3:$N$1000="M")*(INPUT!$O$3:$O$1000="JAIME"))=0,"",SUMPRODUCT((INPUT!$M$3:$M$1000=$B$3+3)*(INPUT!$N$3:$N$1000="M")*(INPUT!$O$3:$O$1000="JAIME")*INPUT!$Q$3:$Q$1000)),"")} | O40: =IFERROR(IF(OR(M40="",N40=""),"",M40-N40),"") | P40: {=IFERROR(IF(SUMPRODUCT((INPUT!$M$3:$M$1000=$B$3+4)*(INPUT!$N$3:$N$1000="M")*(INPUT!$O$3:$O$1000="JAIME"))=0,"",SUMPRODUCT((INPUT!$M$3:$M$1000=$B$3+4)*(INPUT!$N$3:$N$1000="M")*(INPUT!$O$3:$O$1000="JAIME")*INPUT!$P$3:$P$1000)),"")} | Q40: {=IFERROR(IF(SUMPRODUCT((INPUT!$M$3:$M$1000=$B$3+4)*(INPUT!$N$3:$N$1000="M")*(INPUT!$O$3:$O$1000="JAIME"))=0,"",SUMPRODUCT((INPUT!$M$3:$M$1000=$B$3+4)*(INPUT!$N$3:$N$1000="M")*(INPUT!$O$3:$O$1000="JAIME")*INPUT!$Q$3:$Q$1000)),"")} | R40: =IFERROR(IF(OR(P40="",Q40=""),"",P40-Q40),"") | S40: {=IFERROR(IF(SUMPRODUCT((INPUT!$M$3:$M$1000=$B$3+5)*(INPUT!$N$3:$N$1000="M")*(INPUT!$O$3:$O$1000="JAIME"))=0,"",SUMPRODUCT((INPUT!$M$3:$M$1000=$B$3+5)*(INPUT!$N$3:$N$1000="M")*(INPUT!$O$3:$O$1000="JAIME")*INPUT!$P$3:$P$1000)),"")} | T40: {=IFERROR(IF(SUMPRODUCT((INPUT!$M$3:$M$1000=$B$3+5)*(INPUT!$N$3:$N$1000="M")*(INPUT!$O$3:$O$1000="JAIME"))=0,"",SUMPRODUCT((INPUT!$M$3:$M$1000=$B$3+5)*(INPUT!$N$3:$N$1000="M")*(INPUT!$O$3:$O$1000="JAIME")*INPUT!$Q$3:$Q$1000)),"")} | U40: =IFERROR(IF(OR(S40="",T40=""),"",S40-T40),"") | V40: {=IFERROR(IF(SUMPRODUCT((INPUT!$M$3:$M$1000=$B$3+6)*(INPUT!$N$3:$N$1000="M")*(INPUT!$O$3:$O$1000="JAIME"))=0,"",SUMPRODUCT((INPUT!$M$3:$M$1000=$B$3+6)*(INPUT!$N$3:$N$1000="M")*(INPUT!$O$3:$O$1000="JAIME")*INPUT!$P$3:$P$1000)),"")} | W40: {=IFERROR(IF(SUMPRODUCT((INPUT!$M$3:$M$1000=$B$3+6)*(INPUT!$N$3:$N$1000="M")*(INPUT!$O$3:$O$1000="JAIME"))=0,"",SUMPRODUCT((INPUT!$M$3:$M$1000=$B$3+6)*(INPUT!$N$3:$N$1000="M")*(INPUT!$O$3:$O$1000="JAIME")*INPUT!$Q$3:$Q$1000)),"")} | X40: =IFERROR(IF(OR(V40="",W40=""),"",V40-W40),"")
C41: T | D41: {=IFERROR(IF(SUMPRODUCT((INPUT!$M$3:$M$1000=$B$3+0)*(INPUT!$N$3:$N$1000="T")*(INPUT!$O$3:$O$1000="JAIME"))=0,"",SUMPRODUCT((INPUT!$M$3:$M$1000=$B$3+0)*(INPUT!$N$3:$N$1000="T")*(INPUT!$O$3:$O$1000="JAIME")*INPUT!$P$3:$P$1000)),"")} | E41: {=IFERROR(IF(SUMPRODUCT((INPUT!$M$3:$M$1000=$B$3+0)*(INPUT!$N$3:$N$1000="T")*(INPUT!$O$3:$O$1000="JAIME"))=0,"",SUMPRODUCT((INPUT!$M$3:$M$1000=$B$3+0)*(INPUT!$N$3:$N$1000="T")*(INPUT!$O$3:$O$1000="JAIME")*INPUT!$Q$3:$Q$1000)),"")} | F41: =IFERROR(IF(OR(D41="",E41=""),"",D41-E41),"") | G41: {=IFERROR(IF(SUMPRODUCT((INPUT!$M$3:$M$1000=$B$3+1)*(INPUT!$N$3:$N$1000="T")*(INPUT!$O$3:$O$1000="JAIME"))=0,"",SUMPRODUCT((INPUT!$M$3:$M$1000=$B$3+1)*(INPUT!$N$3:$N$1000="T")*(INPUT!$O$3:$O$1000="JAIME")*INPUT!$P$3:$P$1000)),"")} | H41: {=IFERROR(IF(SUMPRODUCT((INPUT!$M$3:$M$1000=$B$3+1)*(INPUT!$N$3:$N$1000="T")*(INPUT!$O$3:$O$1000="JAIME"))=0,"",SUMPRODUCT((INPUT!$M$3:$M$1000=$B$3+1)*(INPUT!$N$3:$N$1000="T")*(INPUT!$O$3:$O$1000="JAIME")*INPUT!$Q$3:$Q$1000)),"")} | I41: =IFERROR(IF(OR(G41="",H41=""),"",G41-H41),"") | J41: {=IFERROR(IF(SUMPRODUCT((INPUT!$M$3:$M$1000=$B$3+2)*(INPUT!$N$3:$N$1000="T")*(INPUT!$O$3:$O$1000="JAIME"))=0,"",SUMPRODUCT((INPUT!$M$3:$M$1000=$B$3+2)*(INPUT!$N$3:$N$1000="T")*(INPUT!$O$3:$O$1000="JAIME")*INPUT!$P$3:$P$1000)),"")} | K41: {=IFERROR(IF(SUMPRODUCT((INPUT!$M$3:$M$1000=$B$3+2)*(INPUT!$N$3:$N$1000="T")*(INPUT!$O$3:$O$1000="JAIME"))=0,"",SUMPRODUCT((INPUT!$M$3:$M$1000=$B$3+2)*(INPUT!$N$3:$N$1000="T")*(INPUT!$O$3:$O$1000="JAIME")*INPUT!$Q$3:$Q$1000)),"")} | L41: =IFERROR(IF(OR(J41="",K41=""),"",J41-K41),"") | M41: {=IFERROR(IF(SUMPRODUCT((INPUT!$M$3:$M$1000=$B$3+3)*(INPUT!$N$3:$N$1000="T")*(INPUT!$O$3:$O$1000="JAIME"))=0,"",SUMPRODUCT((INPUT!$M$3:$M$1000=$B$3+3)*(INPUT!$N$3:$N$1000="T")*(INPUT!$O$3:$O$1000="JAIME")*INPUT!$P$3:$P$1000)),"")} | N41: {=IFERROR(IF(SUMPRODUCT((INPUT!$M$3:$M$1000=$B$3+3)*(INPUT!$N$3:$N$1000="T")*(INPUT!$O$3:$O$1000="JAIME"))=0,"",SUMPRODUCT((INPUT!$M$3:$M$1000=$B$3+3)*(INPUT!$N$3:$N$1000="T")*(INPUT!$O$3:$O$1000="JAIME")*INPUT!$Q$3:$Q$1000)),"")} | O41: =IFERROR(IF(OR(M41="",N41=""),"",M41-N41),"") | P41: {=IFERROR(IF(SUMPRODUCT((INPUT!$M$3:$M$1000=$B$3+4)*(INPUT!$N$3:$N$1000="T")*(INPUT!$O$3:$O$1000="JAIME"))=0,"",SUMPRODUCT((INPUT!$M$3:$M$1000=$B$3+4)*(INPUT!$N$3:$N$1000="T")*(INPUT!$O$3:$O$1000="JAIME")*INPUT!$P$3:$P$1000)),"")} | Q41: {=IFERROR(IF(SUMPRODUCT((INPUT!$M$3:$M$1000=$B$3+4)*(INPUT!$N$3:$N$1000="T")*(INPUT!$O$3:$O$1000="JAIME"))=0,"",SUMPRODUCT((INPUT!$M$3:$M$1000=$B$3+4)*(INPUT!$N$3:$N$1000="T")*(INPUT!$O$3:$O$1000="JAIME")*INPUT!$Q$3:$Q$1000)),"")} | R41: =IFERROR(IF(OR(P41="",Q41=""),"",P41-Q41),"") | S41: {=IFERROR(IF(SUMPRODUCT((INPUT!$M$3:$M$1000=$B$3+5)*(INPUT!$N$3:$N$1000="T")*(INPUT!$O$3:$O$1000="JAIME"))=0,"",SUMPRODUCT((INPUT!$M$3:$M$1000=$B$3+5)*(INPUT!$N$3:$N$1000="T")*(INPUT!$O$3:$O$1000="JAIME")*INPUT!$P$3:$P$1000)),"")} | T41: {=IFERROR(IF(SUMPRODUCT((INPUT!$M$3:$M$1000=$B$3+5)*(INPUT!$N$3:$N$1000="T")*(INPUT!$O$3:$O$1000="JAIME"))=0,"",SUMPRODUCT((INPUT!$M$3:$M$1000=$B$3+5)*(INPUT!$N$3:$N$1000="T")*(INPUT!$O$3:$O$1000="JAIME")*INPUT!$Q$3:$Q$1000)),"")} | U41: =IFERROR(IF(OR(S41="",T41=""),"",S41-T41),"") | V41: {=IFERROR(IF(SUMPRODUCT((INPUT!$M$3:$M$1000=$B$3+6)*(INPUT!$N$3:$N$1000="T")*(INPUT!$O$3:$O$1000="JAIME"))=0,"",SUMPRODUCT((INPUT!$M$3:$M$1000=$B$3+6)*(INPUT!$N$3:$N$1000="T")*(INPUT!$O$3:$O$1000="JAIME")*INPUT!$P$3:$P$1000)),"")} | W41: {=IFERROR(IF(SUMPRODUCT((INPUT!$M$3:$M$1000=$B$3+6)*(INPUT!$N$3:$N$1000="T")*(INPUT!$O$3:$O$1000="JAIME"))=0,"",SUMPRODUCT((INPUT!$M$3:$M$1000=$B$3+6)*(INPUT!$N$3:$N$1000="T")*(INPUT!$O$3:$O$1000="JAIME")*INPUT!$Q$3:$Q$1000)),"")} | X41: =IFERROR(IF(OR(V41="",W41=""),"",V41-W41),"")
A42: 19 | B42: ANCHU | C42: M | D42: {=IFERROR(IF(SUMPRODUCT((INPUT!$M$3:$M$1000=$B$3+0)*(INPUT!$N$3:$N$1000="M")*(INPUT!$O$3:$O$1000="ANCHU"))=0,"",SUMPRODUCT((INPUT!$M$3:$M$1000=$B$3+0)*(INPUT!$N$3:$N$1000="M")*(INPUT!$O$3:$O$1000="ANCHU")*INPUT!$P$3:$P$1000)),"")} | E42: {=IFERROR(IF(SUMPRODUCT((INPUT!$M$3:$M$1000=$B$3+0)*(INPUT!$N$3:$N$1000="M")*(INPUT!$O$3:$O$1000="ANCHU"))=0,"",SUMPRODUCT((INPUT!$M$3:$M$1000=$B$3+0)*(INPUT!$N$3:$N$1000="M")*(INPUT!$O$3:$O$1000="ANCHU")*INPUT!$Q$3:$Q$1000)),"")} | F42: =IFERROR(IF(OR(D42="",E42=""),"",D42-E42),"") | G42: {=IFERROR(IF(SUMPRODUCT((INPUT!$M$3:$M$1000=$B$3+1)*(INPUT!$N$3:$N$1000="M")*(INPUT!$O$3:$O$1000="ANCHU"))=0,"",SUMPRODUCT((INPUT!$M$3:$M$1000=$B$3+1)*(INPUT!$N$3:$N$1000="M")*(INPUT!$O$3:$O$1000="ANCHU")*INPUT!$P$3:$P$1000)),"")} | H42: {=IFERROR(IF(SUMPRODUCT((INPUT!$M$3:$M$1000=$B$3+1)*(INPUT!$N$3:$N$1000="M")*(INPUT!$O$3:$O$1000="ANCHU"))=0,"",SUMPRODUCT((INPUT!$M$3:$M$1000=$B$3+1)*(INPUT!$N$3:$N$1000="M")*(INPUT!$O$3:$O$1000="ANCHU")*INPUT!$Q$3:$Q$1000)),"")} | I42: =IFERROR(IF(OR(G42="",H42=""),"",G42-H42),"") | J42: {=IFERROR(IF(SUMPRODUCT((INPUT!$M$3:$M$1000=$B$3+2)*(INPUT!$N$3:$N$1000="M")*(INPUT!$O$3:$O$1000="ANCHU"))=0,"",SUMPRODUCT((INPUT!$M$3:$M$1000=$B$3+2)*(INPUT!$N$3:$N$1000="M")*(INPUT!$O$3:$O$1000="ANCHU")*INPUT!$P$3:$P$1000)),"")} | K42: {=IFERROR(IF(SUMPRODUCT((INPUT!$M$3:$M$1000=$B$3+2)*(INPUT!$N$3:$N$1000="M")*(INPUT!$O$3:$O$1000="ANCHU"))=0,"",SUMPRODUCT((INPUT!$M$3:$M$1000=$B$3+2)*(INPUT!$N$3:$N$1000="M")*(INPUT!$O$3:$O$1000="ANCHU")*INPUT!$Q$3:$Q$1000)),"")} | L42: =IFERROR(IF(OR(J42="",K42=""),"",J42-K42),"") | M42: {=IFERROR(IF(SUMPRODUCT((INPUT!$M$3:$M$1000=$B$3+3)*(INPUT!$N$3:$N$1000="M")*(INPUT!$O$3:$O$1000="ANCHU"))=0,"",SUMPRODUCT((INPUT!$M$3:$M$1000=$B$3+3)*(INPUT!$N$3:$N$1000="M")*(INPUT!$O$3:$O$1000="ANCHU")*INPUT!$P$3:$P$1000)),"")} | N42: {=IFERROR(IF(SUMPRODUCT((INPUT!$M$3:$M$1000=$B$3+3)*(INPUT!$N$3:$N$1000="M")*(INPUT!$O$3:$O$1000="ANCHU"))=0,"",SUMPRODUCT((INPUT!$M$3:$M$1000=$B$3+3)*(INPUT!$N$3:$N$1000="M")*(INPUT!$O$3:$O$1000="ANCHU")*INPUT!$Q$3:$Q$1000)),"")} | O42: =IFERROR(IF(OR(M42="",N42=""),"",M42-N42),"") | P42: {=IFERROR(IF(SUMPRODUCT((INPUT!$M$3:$M$1000=$B$3+4)*(INPUT!$N$3:$N$1000="M")*(INPUT!$O$3:$O$1000="ANCHU"))=0,"",SUMPRODUCT((INPUT!$M$3:$M$1000=$B$3+4)*(INPUT!$N$3:$N$1000="M")*(INPUT!$O$3:$O$1000="ANCHU")*INPUT!$P$3:$P$1000)),"")} | Q42: {=IFERROR(IF(SUMPRODUCT((INPUT!$M$3:$M$1000=$B$3+4)*(INPUT!$N$3:$N$1000="M")*(INPUT!$O$3:$O$1000="ANCHU"))=0,"",SUMPRODUCT((INPUT!$M$3:$M$1000=$B$3+4)*(INPUT!$N$3:$N$1000="M")*(INPUT!$O$3:$O$1000="ANCHU")*INPUT!$Q$3:$Q$1000)),"")} | R42: =IFERROR(IF(OR(P42="",Q42=""),"",P42-Q42),"") | S42: {=IFERROR(IF(SUMPRODUCT((INPUT!$M$3:$M$1000=$B$3+5)*(INPUT!$N$3:$N$1000="M")*(INPUT!$O$3:$O$1000="ANCHU"))=0,"",SUMPRODUCT((INPUT!$M$3:$M$1000=$B$3+5)*(INPUT!$N$3:$N$1000="M")*(INPUT!$O$3:$O$1000="ANCHU")*INPUT!$P$3:$P$1000)),"")} | T42: {=IFERROR(IF(SUMPRODUCT((INPUT!$M$3:$M$1000=$B$3+5)*(INPUT!$N$3:$N$1000="M")*(INPUT!$O$3:$O$1000="ANCHU"))=0,"",SUMPRODUCT((INPUT!$M$3:$M$1000=$B$3+5)*(INPUT!$N$3:$N$1000="M")*(INPUT!$O$3:$O$1000="ANCHU")*INPUT!$Q$3:$Q$1000)),"")} | U42: =IFERROR(IF(OR(S42="",T42=""),"",S42-T42),"") | V42: {=IFERROR(IF(SUMPRODUCT((INPUT!$M$3:$M$1000=$B$3+6)*(INPUT!$N$3:$N$1000="M")*(INPUT!$O$3:$O$1000="ANCHU"))=0,"",SUMPRODUCT((INPUT!$M$3:$M$1000=$B$3+6)*(INPUT!$N$3:$N$1000="M")*(INPUT!$O$3:$O$1000="ANCHU")*INPUT!$P$3:$P$1000)),"")} | W42: {=IFERROR(IF(SUMPRODUCT((INPUT!$M$3:$M$1000=$B$3+6)*(INPUT!$N$3:$N$1000="M")*(INPUT!$O$3:$O$1000="ANCHU"))=0,"",SUMPRODUCT((INPUT!$M$3:$M$1000=$B$3+6)*(INPUT!$N$3:$N$1000="M")*(INPUT!$O$3:$O$1000="ANCHU")*INPUT!$Q$3:$Q$1000)),"")} | X42: =IFERROR(IF(OR(V42="",W42=""),"",V42-W42),"")
C43: T | D43: {=IFERROR(IF(SUMPRODUCT((INPUT!$M$3:$M$1000=$B$3+0)*(INPUT!$N$3:$N$1000="T")*(INPUT!$O$3:$O$1000="ANCHU"))=0,"",SUMPRODUCT((INPUT!$M$3:$M$1000=$B$3+0)*(INPUT!$N$3:$N$1000="T")*(INPUT!$O$3:$O$1000="ANCHU")*INPUT!$P$3:$P$1000)),"")} | E43: {=IFERROR(IF(SUMPRODUCT((INPUT!$M$3:$M$1000=$B$3+0)*(INPUT!$N$3:$N$1000="T")*(INPUT!$O$3:$O$1000="ANCHU"))=0,"",SUMPRODUCT((INPUT!$M$3:$M$1000=$B$3+0)*(INPUT!$N$3:$N$1000="T")*(INPUT!$O$3:$O$1000="ANCHU")*INPUT!$Q$3:$Q$1000)),"")} | F43: =IFERROR(IF(OR(D43="",E43=""),"",D43-E43),"") | G43: {=IFERROR(IF(SUMPRODUCT((INPUT!$M$3:$M$1000=$B$3+1)*(INPUT!$N$3:$N$1000="T")*(INPUT!$O$3:$O$1000="ANCHU"))=0,"",SUMPRODUCT((INPUT!$M$3:$M$1000=$B$3+1)*(INPUT!$N$3:$N$1000="T")*(INPUT!$O$3:$O$1000="ANCHU")*INPUT!$P$3:$P$1000)),"")} | H43: {=IFERROR(IF(SUMPRODUCT((INPUT!$M$3:$M$1000=$B$3+1)*(INPUT!$N$3:$N$1000="T")*(INPUT!$O$3:$O$1000="ANCHU"))=0,"",SUMPRODUCT((INPUT!$M$3:$M$1000=$B$3+1)*(INPUT!$N$3:$N$1000="T")*(INPUT!$O$3:$O$1000="ANCHU")*INPUT!$Q$3:$Q$1000)),"")} | I43: =IFERROR(IF(OR(G43="",H43=""),"",G43-H43),"") | J43: {=IFERROR(IF(SUMPRODUCT((INPUT!$M$3:$M$1000=$B$3+2)*(INPUT!$N$3:$N$1000="T")*(INPUT!$O$3:$O$1000="ANCHU"))=0,"",SUMPRODUCT((INPUT!$M$3:$M$1000=$B$3+2)*(INPUT!$N$3:$N$1000="T")*(INPUT!$O$3:$O$1000="ANCHU")*INPUT!$P$3:$P$1000)),"")} | K43: {=IFERROR(IF(SUMPRODUCT((INPUT!$M$3:$M$1000=$B$3+2)*(INPUT!$N$3:$N$1000="T")*(INPUT!$O$3:$O$1000="ANCHU"))=0,"",SUMPRODUCT((INPUT!$M$3:$M$1000=$B$3+2)*(INPUT!$N$3:$N$1000="T")*(INPUT!$O$3:$O$1000="ANCHU")*INPUT!$Q$3:$Q$1000)),"")} | L43: =IFERROR(IF(OR(J43="",K43=""),"",J43-K43),"") | M43: {=IFERROR(IF(SUMPRODUCT((INPUT!$M$3:$M$1000=$B$3+3)*(INPUT!$N$3:$N$1000="T")*(INPUT!$O$3:$O$1000="ANCHU"))=0,"",SUMPRODUCT((INPUT!$M$3:$M$1000=$B$3+3)*(INPUT!$N$3:$N$1000="T")*(INPUT!$O$3:$O$1000="ANCHU")*INPUT!$P$3:$P$1000)),"")} | N43: {=IFERROR(IF(SUMPRODUCT((INPUT!$M$3:$M$1000=$B$3+3)*(INPUT!$N$3:$N$1000="T")*(INPUT!$O$3:$O$1000="ANCHU"))=0,"",SUMPRODUCT((INPUT!$M$3:$M$1000=$B$3+3)*(INPUT!$N$3:$N$1000="T")*(INPUT!$O$3:$O$1000="ANCHU")*INPUT!$Q$3:$Q$1000)),"")} | O43: =IFERROR(IF(OR(M43="",N43=""),"",M43-N43),"") | P43: {=IFERROR(IF(SUMPRODUCT((INPUT!$M$3:$M$1000=$B$3+4)*(INPUT!$N$3:$N$1000="T")*(INPUT!$O$3:$O$1000="ANCHU"))=0,"",SUMPRODUCT((INPUT!$M$3:$M$1000=$B$3+4)*(INPUT!$N$3:$N$1000="T")*(INPUT!$O$3:$O$1000="ANCHU")*INPUT!$P$3:$P$1000)),"")} | Q43: {=IFERROR(IF(SUMPRODUCT((INPUT!$M$3:$M$1000=$B$3+4)*(INPUT!$N$3:$N$1000="T")*(INPUT!$O$3:$O$1000="ANCHU"))=0,"",SUMPRODUCT((INPUT!$M$3:$M$1000=$B$3+4)*(INPUT!$N$3:$N$1000="T")*(INPUT!$O$3:$O$1000="ANCHU")*INPUT!$Q$3:$Q$1000)),"")} | R43: =IFERROR(IF(OR(P43="",Q43=""),"",P43-Q43),"") | S43: {=IFERROR(IF(SUMPRODUCT((INPUT!$M$3:$M$1000=$B$3+5)*(INPUT!$N$3:$N$1000="T")*(INPUT!$O$3:$O$1000="ANCHU"))=0,"",SUMPRODUCT((INPUT!$M$3:$M$1000=$B$3+5)*(INPUT!$N$3:$N$1000="T")*(INPUT!$O$3:$O$1000="ANCHU")*INPUT!$P$3:$P$1000)),"")} | T43: {=IFERROR(IF(SUMPRODUCT((INPUT!$M$3:$M$1000=$B$3+5)*(INPUT!$N$3:$N$1000="T")*(INPUT!$O$3:$O$1000="ANCHU"))=0,"",SUMPRODUCT((INPUT!$M$3:$M$1000=$B$3+5)*(INPUT!$N$3:$N$1000="T")*(INPUT!$O$3:$O$1000="ANCHU")*INPUT!$Q$3:$Q$1000)),"")} | U43: =IFERROR(IF(OR(S43="",T43=""),"",S43-T43),"") | V43: {=IFERROR(IF(SUMPRODUCT((INPUT!$M$3:$M$1000=$B$3+6)*(INPUT!$N$3:$N$1000="T")*(INPUT!$O$3:$O$1000="ANCHU"))=0,"",SUMPRODUCT((INPUT!$M$3:$M$1000=$B$3+6)*(INPUT!$N$3:$N$1000="T")*(INPUT!$O$3:$O$1000="ANCHU")*INPUT!$P$3:$P$1000)),"")} | W43: {=IFERROR(IF(SUMPRODUCT((INPUT!$M$3:$M$1000=$B$3+6)*(INPUT!$N$3:$N$1000="T")*(INPUT!$O$3:$O$1000="ANCHU"))=0,"",SUMPRODUCT((INPUT!$M$3:$M$1000=$B$3+6)*(INPUT!$N$3:$N$1000="T")*(INPUT!$O$3:$O$1000="ANCHU")*INPUT!$Q$3:$Q$1000)),"")} | X43: =IFERROR(IF(OR(V43="",W43=""),"",V43-W43),"")
A44: 20 | B44: NACHO | C44: M | D44: {=IFERROR(IF(SUMPRODUCT((INPUT!$M$3:$M$1000=$B$3+0)*(INPUT!$N$3:$N$1000="M")*(INPUT!$O$3:$O$1000="NACHO"))=0,"",SUMPRODUCT((INPUT!$M$3:$M$1000=$B$3+0)*(INPUT!$N$3:$N$1000="M")*(INPUT!$O$3:$O$1000="NACHO")*INPUT!$P$3:$P$1000)),"")} | E44: {=IFERROR(IF(SUMPRODUCT((INPUT!$M$3:$M$1000=$B$3+0)*(INPUT!$N$3:$N$1000="M")*(INPUT!$O$3:$O$1000="NACHO"))=0,"",SUMPRODUCT((INPUT!$M$3:$M$1000=$B$3+0)*(INPUT!$N$3:$N$1000="M")*(INPUT!$O$3:$O$1000="NACHO")*INPUT!$Q$3:$Q$1000)),"")} | F44: =IFERROR(IF(OR(D44="",E44=""),"",D44-E44),"") | G44: {=IFERROR(IF(SUMPRODUCT((INPUT!$M$3:$M$1000=$B$3+1)*(INPUT!$N$3:$N$1000="M")*(INPUT!$O$3:$O$1000="NACHO"))=0,"",SUMPRODUCT((INPUT!$M$3:$M$1000=$B$3+1)*(INPUT!$N$3:$N$1000="M")*(INPUT!$O$3:$O$1000="NACHO")*INPUT!$P$3:$P$1000)),"")} | H44: {=IFERROR(IF(SUMPRODUCT((INPUT!$M$3:$M$1000=$B$3+1)*(INPUT!$N$3:$N$1000="M")*(INPUT!$O$3:$O$1000="NACHO"))=0,"",SUMPRODUCT((INPUT!$M$3:$M$1000=$B$3+1)*(INPUT!$N$3:$N$1000="M")*(INPUT!$O$3:$O$1000="NACHO")*INPUT!$Q$3:$Q$1000)),"")} | I44: =IFERROR(IF(OR(G44="",H44=""),"",G44-H44),"") | J44: {=IFERROR(IF(SUMPRODUCT((INPUT!$M$3:$M$1000=$B$3+2)*(INPUT!$N$3:$N$1000="M")*(INPUT!$O$3:$O$1000="NACHO"))=0,"",SUMPRODUCT((INPUT!$M$3:$M$1000=$B$3+2)*(INPUT!$N$3:$N$1000="M")*(INPUT!$O$3:$O$1000="NACHO")*INPUT!$P$3:$P$1000)),"")} | K44: {=IFERROR(IF(SUMPRODUCT((INPUT!$M$3:$M$1000=$B$3+2)*(INPUT!$N$3:$N$1000="M")*(INPUT!$O$3:$O$1000="NACHO"))=0,"",SUMPRODUCT((INPUT!$M$3:$M$1000=$B$3+2)*(INPUT!$N$3:$N$1000="M")*(INPUT!$O$3:$O$1000="NACHO")*INPUT!$Q$3:$Q$1000)),"")} | L44: =IFERROR(IF(OR(J44="",K44=""),"",J44-K44),"") | M44: {=IFERROR(IF(SUMPRODUCT((INPUT!$M$3:$M$1000=$B$3+3)*(INPUT!$N$3:$N$1000="M")*(INPUT!$O$3:$O$1000="NACHO"))=0,"",SUMPRODUCT((INPUT!$M$3:$M$1000=$B$3+3)*(INPUT!$N$3:$N$1000="M")*(INPUT!$O$3:$O$1000="NACHO")*INPUT!$P$3:$P$1000)),"")} | N44: {=IFERROR(IF(SUMPRODUCT((INPUT!$M$3:$M$1000=$B$3+3)*(INPUT!$N$3:$N$1000="M")*(INPUT!$O$3:$O$1000="NACHO"))=0,"",SUMPRODUCT((INPUT!$M$3:$M$1000=$B$3+3)*(INPUT!$N$3:$N$1000="M")*(INPUT!$O$3:$O$1000="NACHO")*INPUT!$Q$3:$Q$1000)),"")} | O44: =IFERROR(IF(OR(M44="",N44=""),"",M44-N44),"") | P44: {=IFERROR(IF(SUMPRODUCT((INPUT!$M$3:$M$1000=$B$3+4)*(INPUT!$N$3:$N$1000="M")*(INPUT!$O$3:$O$1000="NACHO"))=0,"",SUMPRODUCT((INPUT!$M$3:$M$1000=$B$3+4)*(INPUT!$N$3:$N$1000="M")*(INPUT!$O$3:$O$1000="NACHO")*INPUT!$P$3:$P$1000)),"")} | Q44: {=IFERROR(IF(SUMPRODUCT((INPUT!$M$3:$M$1000=$B$3+4)*(INPUT!$N$3:$N$1000="M")*(INPUT!$O$3:$O$1000="NACHO"))=0,"",SUMPRODUCT((INPUT!$M$3:$M$1000=$B$3+4)*(INPUT!$N$3:$N$1000="M")*(INPUT!$O$3:$O$1000="NACHO")*INPUT!$Q$3:$Q$1000)),"")} | R44: =IFERROR(IF(OR(P44="",Q44=""),"",P44-Q44),"") | S44: {=IFERROR(IF(SUMPRODUCT((INPUT!$M$3:$M$1000=$B$3+5)*(INPUT!$N$3:$N$1000="M")*(INPUT!$O$3:$O$1000="NACHO"))=0,"",SUMPRODUCT((INPUT!$M$3:$M$1000=$B$3+5)*(INPUT!$N$3:$N$1000="M")*(INPUT!$O$3:$O$1000="NACHO")*INPUT!$P$3:$P$1000)),"")} | T44: {=IFERROR(IF(SUMPRODUCT((INPUT!$M$3:$M$1000=$B$3+5)*(INPUT!$N$3:$N$1000="M")*(INPUT!$O$3:$O$1000="NACHO"))=0,"",SUMPRODUCT((INPUT!$M$3:$M$1000=$B$3+5)*(INPUT!$N$3:$N$1000="M")*(INPUT!$O$3:$O$1000="NACHO")*INPUT!$Q$3:$Q$1000)),"")} | U44: =IFERROR(IF(OR(S44="",T44=""),"",S44-T44),"") | V44: {=IFERROR(IF(SUMPRODUCT((INPUT!$M$3:$M$1000=$B$3+6)*(INPUT!$N$3:$N$1000="M")*(INPUT!$O$3:$O$1000="NACHO"))=0,"",SUMPRODUCT((INPUT!$M$3:$M$1000=$B$3+6)*(INPUT!$N$3:$N$1000="M")*(INPUT!$O$3:$O$1000="NACHO")*INPUT!$P$3:$P$1000)),"")} | W44: {=IFERROR(IF(SUMPRODUCT((INPUT!$M$3:$M$1000=$B$3+6)*(INPUT!$N$3:$N$1000="M")*(INPUT!$O$3:$O$1000="NACHO"))=0,"",SUMPRODUCT((INPUT!$M$3:$M$1000=$B$3+6)*(INPUT!$N$3:$N$1000="M")*(INPUT!$O$3:$O$1000="NACHO")*INPUT!$Q$3:$Q$1000)),"")} | X44: =IFERROR(IF(OR(V44="",W44=""),"",V44-W44),"")
C45: T | D45: {=IFERROR(IF(SUMPRODUCT((INPUT!$M$3:$M$1000=$B$3+0)*(INPUT!$N$3:$N$1000="T")*(INPUT!$O$3:$O$1000="NACHO"))=0,"",SUMPRODUCT((INPUT!$M$3:$M$1000=$B$3+0)*(INPUT!$N$3:$N$1000="T")*(INPUT!$O$3:$O$1000="NACHO")*INPUT!$P$3:$P$1000)),"")} | E45: {=IFERROR(IF(SUMPRODUCT((INPUT!$M$3:$M$1000=$B$3+0)*(INPUT!$N$3:$N$1000="T")*(INPUT!$O$3:$O$1000="NACHO"))=0,"",SUMPRODUCT((INPUT!$M$3:$M$1000=$B$3+0)*(INPUT!$N$3:$N$1000="T")*(INPUT!$O$3:$O$1000="NACHO")*INPUT!$Q$3:$Q$1000)),"")} | F45: =IFERROR(IF(OR(D45="",E45=""),"",D45-E45),"") | G45: {=IFERROR(IF(SUMPRODUCT((INPUT!$M$3:$M$1000=$B$3+1)*(INPUT!$N$3:$N$1000="T")*(INPUT!$O$3:$O$1000="NACHO"))=0,"",SUMPRODUCT((INPUT!$M$3:$M$1000=$B$3+1)*(INPUT!$N$3:$N$1000="T")*(INPUT!$O$3:$O$1000="NACHO")*INPUT!$P$3:$P$1000)),"")} | H45: {=IFERROR(IF(SUMPRODUCT((INPUT!$M$3:$M$1000=$B$3+1)*(INPUT!$N$3:$N$1000="T")*(INPUT!$O$3:$O$1000="NACHO"))=0,"",SUMPRODUCT((INPUT!$M$3:$M$1000=$B$3+1)*(INPUT!$N$3:$N$1000="T")*(INPUT!$O$3:$O$1000="NACHO")*INPUT!$Q$3:$Q$1000)),"")} | I45: =IFERROR(IF(OR(G45="",H45=""),"",G45-H45),"") | J45: {=IFERROR(IF(SUMPRODUCT((INPUT!$M$3:$M$1000=$B$3+2)*(INPUT!$N$3:$N$1000="T")*(INPUT!$O$3:$O$1000="NACHO"))=0,"",SUMPRODUCT((INPUT!$M$3:$M$1000=$B$3+2)*(INPUT!$N$3:$N$1000="T")*(INPUT!$O$3:$O$1000="NACHO")*INPUT!$P$3:$P$1000)),"")} | K45: {=IFERROR(IF(SUMPRODUCT((INPUT!$M$3:$M$1000=$B$3+2)*(INPUT!$N$3:$N$1000="T")*(INPUT!$O$3:$O$1000="NACHO"))=0,"",SUMPRODUCT((INPUT!$M$3:$M$1000=$B$3+2)*(INPUT!$N$3:$N$1000="T")*(INPUT!$O$3:$O$1000="NACHO")*INPUT!$Q$3:$Q$1000)),"")} | L45: =IFERROR(IF(OR(J45="",K45=""),"",J45-K45),"") | M45: {=IFERROR(IF(SUMPRODUCT((INPUT!$M$3:$M$1000=$B$3+3)*(INPUT!$N$3:$N$1000="T")*(INPUT!$O$3:$O$1000="NACHO"))=0,"",SUMPRODUCT((INPUT!$M$3:$M$1000=$B$3+3)*(INPUT!$N$3:$N$1000="T")*(INPUT!$O$3:$O$1000="NACHO")*INPUT!$P$3:$P$1000)),"")} | N45: {=IFERROR(IF(SUMPRODUCT((INPUT!$M$3:$M$1000=$B$3+3)*(INPUT!$N$3:$N$1000="T")*(INPUT!$O$3:$O$1000="NACHO"))=0,"",SUMPRODUCT((INPUT!$M$3:$M$1000=$B$3+3)*(INPUT!$N$3:$N$1000="T")*(INPUT!$O$3:$O$1000="NACHO")*INPUT!$Q$3:$Q$1000)),"")} | O45: =IFERROR(IF(OR(M45="",N45=""),"",M45-N45),"") | P45: {=IFERROR(IF(SUMPRODUCT((INPUT!$M$3:$M$1000=$B$3+4)*(INPUT!$N$3:$N$1000="T")*(INPUT!$O$3:$O$1000="NACHO"))=0,"",SUMPRODUCT((INPUT!$M$3:$M$1000=$B$3+4)*(INPUT!$N$3:$N$1000="T")*(INPUT!$O$3:$O$1000="NACHO")*INPUT!$P$3:$P$1000)),"")} | Q45: {=IFERROR(IF(SUMPRODUCT((INPUT!$M$3:$M$1000=$B$3+4)*(INPUT!$N$3:$N$1000="T")*(INPUT!$O$3:$O$1000="NACHO"))=0,"",SUMPRODUCT((INPUT!$M$3:$M$1000=$B$3+4)*(INPUT!$N$3:$N$1000="T")*(INPUT!$O$3:$O$1000="NACHO")*INPUT!$Q$3:$Q$1000)),"")} | R45: =IFERROR(IF(OR(P45="",Q45=""),"",P45-Q45),"") | S45: {=IFERROR(IF(SUMPRODUCT((INPUT!$M$3:$M$1000=$B$3+5)*(INPUT!$N$3:$N$1000="T")*(INPUT!$O$3:$O$1000="NACHO"))=0,"",SUMPRODUCT((INPUT!$M$3:$M$1000=$B$3+5)*(INPUT!$N$3:$N$1000="T")*(INPUT!$O$3:$O$1000="NACHO")*INPUT!$P$3:$P$1000)),"")} | T45: {=IFERROR(IF(SUMPRODUCT((INPUT!$M$3:$M$1000=$B$3+5)*(INPUT!$N$3:$N$1000="T")*(INPUT!$O$3:$O$1000="NACHO"))=0,"",SUMPRODUCT((INPUT!$M$3:$M$1000=$B$3+5)*(INPUT!$N$3:$N$1000="T")*(INPUT!$O$3:$O$1000="NACHO")*INPUT!$Q$3:$Q$1000)),"")} | U45: =IFERROR(IF(OR(S45="",T45=""),"",S45-T45),"") | V45: {=IFERROR(IF(SUMPRODUCT((INPUT!$M$3:$M$1000=$B$3+6)*(INPUT!$N$3:$N$1000="T")*(INPUT!$O$3:$O$1000="NACHO"))=0,"",SUMPRODUCT((INPUT!$M$3:$M$1000=$B$3+6)*(INPUT!$N$3:$N$1000="T")*(INPUT!$O$3:$O$1000="NACHO")*INPUT!$P$3:$P$1000)),"")} | W45: {=IFERROR(IF(SUMPRODUCT((INPUT!$M$3:$M$1000=$B$3+6)*(INPUT!$N$3:$N$1000="T")*(INPUT!$O$3:$O$1000="NACHO"))=0,"",SUMPRODUCT((INPUT!$M$3:$M$1000=$B$3+6)*(INPUT!$N$3:$N$1000="T")*(INPUT!$O$3:$O$1000="NACHO")*INPUT!$Q$3:$Q$1000)),"")} | X45: =IFERROR(IF(OR(V45="",W45=""),"",V45-W45),"")
A46: 21 | B46: J21 | C46: M | D46: {=IFERROR(IF(SUMPRODUCT((INPUT!$M$3:$M$1000=$B$3+0)*(INPUT!$N$3:$N$1000="M")*(INPUT!$O$3:$O$1000="J21"))=0,"",SUMPRODUCT((INPUT!$M$3:$M$1000=$B$3+0)*(INPUT!$N$3:$N$1000="M")*(INPUT!$O$3:$O$1000="J21")*INPUT!$P$3:$P$1000)),"")} | E46: {=IFERROR(IF(SUMPRODUCT((INPUT!$M$3:$M$1000=$B$3+0)*(INPUT!$N$3:$N$1000="M")*(INPUT!$O$3:$O$1000="J21"))=0,"",SUMPRODUCT((INPUT!$M$3:$M$1000=$B$3+0)*(INPUT!$N$3:$N$1000="M")*(INPUT!$O$3:$O$1000="J21")*INPUT!$Q$3:$Q$1000)),"")} | F46: =IFERROR(IF(OR(D46="",E46=""),"",D46-E46),"") | G46: {=IFERROR(IF(SUMPRODUCT((INPUT!$M$3:$M$1000=$B$3+1)*(INPUT!$N$3:$N$1000="M")*(INPUT!$O$3:$O$1000="J21"))=0,"",SUMPRODUCT((INPUT!$M$3:$M$1000=$B$3+1)*(INPUT!$N$3:$N$1000="M")*(INPUT!$O$3:$O$1000="J21")*INPUT!$P$3:$P$1000)),"")} | H46: {=IFERROR(IF(SUMPRODUCT((INPUT!$M$3:$M$1000=$B$3+1)*(INPUT!$N$3:$N$1000="M")*(INPUT!$O$3:$O$1000="J21"))=0,"",SUMPRODUCT((INPUT!$M$3:$M$1000=$B$3+1)*(INPUT!$N$3:$N$1000="M")*(INPUT!$O$3:$O$1000="J21")*INPUT!$Q$3:$Q$1000)),"")} | I46: =IFERROR(IF(OR(G46="",H46=""),"",G46-H46),"") | J46: {=IFERROR(IF(SUMPRODUCT((INPUT!$M$3:$M$1000=$B$3+2)*(INPUT!$N$3:$N$1000="M")*(INPUT!$O$3:$O$1000="J21"))=0,"",SUMPRODUCT((INPUT!$M$3:$M$1000=$B$3+2)*(INPUT!$N$3:$N$1000="M")*(INPUT!$O$3:$O$1000="J21")*INPUT!$P$3:$P$1000)),"")} | K46: {=IFERROR(IF(SUMPRODUCT((INPUT!$M$3:$M$1000=$B$3+2)*(INPUT!$N$3:$N$1000="M")*(INPUT!$O$3:$O$1000="J21"))=0,"",SUMPRODUCT((INPUT!$M$3:$M$1000=$B$3+2)*(INPUT!$N$3:$N$1000="M")*(INPUT!$O$3:$O$1000="J21")*INPUT!$Q$3:$Q$1000)),"")} | L46: =IFERROR(IF(OR(J46="",K46=""),"",J46-K46),"") | M46: {=IFERROR(IF(SUMPRODUCT((INPUT!$M$3:$M$1000=$B$3+3)*(INPUT!$N$3:$N$1000="M")*(INPUT!$O$3:$O$1000="J21"))=0,"",SUMPRODUCT((INPUT!$M$3:$M$1000=$B$3+3)*(INPUT!$N$3:$N$1000="M")*(INPUT!$O$3:$O$1000="J21")*INPUT!$P$3:$P$1000)),"")} | N46: {=IFERROR(IF(SUMPRODUCT((INPUT!$M$3:$M$1000=$B$3+3)*(INPUT!$N$3:$N$1000="M")*(INPUT!$O$3:$O$1000="J21"))=0,"",SUMPRODUCT((INPUT!$M$3:$M$1000=$B$3+3)*(INPUT!$N$3:$N$1000="M")*(INPUT!$O$3:$O$1000="J21")*INPUT!$Q$3:$Q$1000)),"")} | O46: =IFERROR(IF(OR(M46="",N46=""),"",M46-N46),"") | P46: {=IFERROR(IF(SUMPRODUCT((INPUT!$M$3:$M$1000=$B$3+4)*(INPUT!$N$3:$N$1000="M")*(INPUT!$O$3:$O$1000="J21"))=0,"",SUMPRODUCT((INPUT!$M$3:$M$1000=$B$3+4)*(INPUT!$N$3:$N$1000="M")*(INPUT!$O$3:$O$1000="J21")*INPUT!$P$3:$P$1000)),"")} | Q46: {=IFERROR(IF(SUMPRODUCT((INPUT!$M$3:$M$1000=$B$3+4)*(INPUT!$N$3:$N$1000="M")*(INPUT!$O$3:$O$1000="J21"))=0,"",SUMPRODUCT((INPUT!$M$3:$M$1000=$B$3+4)*(INPUT!$N$3:$N$1000="M")*(INPUT!$O$3:$O$1000="J21")*INPUT!$Q$3:$Q$1000)),"")} | R46: =IFERROR(IF(OR(P46="",Q46=""),"",P46-Q46),"") | S46: {=IFERROR(IF(SUMPRODUCT((INPUT!$M$3:$M$1000=$B$3+5)*(INPUT!$N$3:$N$1000="M")*(INPUT!$O$3:$O$1000="J21"))=0,"",SUMPRODUCT((INPUT!$M$3:$M$1000=$B$3+5)*(INPUT!$N$3:$N$1000="M")*(INPUT!$O$3:$O$1000="J21")*INPUT!$P$3:$P$1000)),"")} | T46: {=IFERROR(IF(SUMPRODUCT((INPUT!$M$3:$M$1000=$B$3+5)*(INPUT!$N$3:$N$1000="M")*(INPUT!$O$3:$O$1000="J21"))=0,"",SUMPRODUCT((INPUT!$M$3:$M$1000=$B$3+5)*(INPUT!$N$3:$N$1000="M")*(INPUT!$O$3:$O$1000="J21")*INPUT!$Q$3:$Q$1000)),"")} | U46: =IFERROR(IF(OR(S46="",T46=""),"",S46-T46),"") | V46: {=IFERROR(IF(SUMPRODUCT((INPUT!$M$3:$M$1000=$B$3+6)*(INPUT!$N$3:$N$1000="M")*(INPUT!$O$3:$O$1000="J21"))=0,"",SUMPRODUCT((INPUT!$M$3:$M$1000=$B$3+6)*(INPUT!$N$3:$N$1000="M")*(INPUT!$O$3:$O$1000="J21")*INPUT!$P$3:$P$1000)),"")} | W46: {=IFERROR(IF(SUMPRODUCT((INPUT!$M$3:$M$1000=$B$3+6)*(INPUT!$N$3:$N$1000="M")*(INPUT!$O$3:$O$1000="J21"))=0,"",SUMPRODUCT((INPUT!$M$3:$M$1000=$B$3+6)*(INPUT!$N$3:$N$1000="M")*(INPUT!$O$3:$O$1000="J21")*INPUT!$Q$3:$Q$1000)),"")} | X46: =IFERROR(IF(OR(V46="",W46=""),"",V46-W46),"")
C47: T | D47: {=IFERROR(IF(SUMPRODUCT((INPUT!$M$3:$M$1000=$B$3+0)*(INPUT!$N$3:$N$1000="T")*(INPUT!$O$3:$O$1000="J21"))=0,"",SUMPRODUCT((INPUT!$M$3:$M$1000=$B$3+0)*(INPUT!$N$3:$N$1000="T")*(INPUT!$O$3:$O$1000="J21")*INPUT!$P$3:$P$1000)),"")} | E47: {=IFERROR(IF(SUMPRODUCT((INPUT!$M$3:$M$1000=$B$3+0)*(INPUT!$N$3:$N$1000="T")*(INPUT!$O$3:$O$1000="J21"))=0,"",SUMPRODUCT((INPUT!$M$3:$M$1000=$B$3+0)*(INPUT!$N$3:$N$1000="T")*(INPUT!$O$3:$O$1000="J21")*INPUT!$Q$3:$Q$1000)),"")} | F47: =IFERROR(IF(OR(D47="",E47=""),"",D47-E47),"") | G47: {=IFERROR(IF(SUMPRODUCT((INPUT!$M$3:$M$1000=$B$3+1)*(INPUT!$N$3:$N$1000="T")*(INPUT!$O$3:$O$1000="J21"))=0,"",SUMPRODUCT((INPUT!$M$3:$M$1000=$B$3+1)*(INPUT!$N$3:$N$1000="T")*(INPUT!$O$3:$O$1000="J21")*INPUT!$P$3:$P$1000)),"")} | H47: {=IFERROR(IF(SUMPRODUCT((INPUT!$M$3:$M$1000=$B$3+1)*(INPUT!$N$3:$N$1000="T")*(INPUT!$O$3:$O$1000="J21"))=0,"",SUMPRODUCT((INPUT!$M$3:$M$1000=$B$3+1)*(INPUT!$N$3:$N$1000="T")*(INPUT!$O$3:$O$1000="J21")*INPUT!$Q$3:$Q$1000)),"")} | I47: =IFERROR(IF(OR(G47="",H47=""),"",G47-H47),"") | J47: {=IFERROR(IF(SUMPRODUCT((INPUT!$M$3:$M$1000=$B$3+2)*(INPUT!$N$3:$N$1000="T")*(INPUT!$O$3:$O$1000="J21"))=0,"",SUMPRODUCT((INPUT!$M$3:$M$1000=$B$3+2)*(INPUT!$N$3:$N$1000="T")*(INPUT!$O$3:$O$1000="J21")*INPUT!$P$3:$P$1000)),"")} | K47: {=IFERROR(IF(SUMPRODUCT((INPUT!$M$3:$M$1000=$B$3+2)*(INPUT!$N$3:$N$1000="T")*(INPUT!$O$3:$O$1000="J21"))=0,"",SUMPRODUCT((INPUT!$M$3:$M$1000=$B$3+2)*(INPUT!$N$3:$N$1000="T")*(INPUT!$O$3:$O$1000="J21")*INPUT!$Q$3:$Q$1000)),"")} | L47: =IFERROR(IF(OR(J47="",K47=""),"",J47-K47),"") | M47: {=IFERROR(IF(SUMPRODUCT((INPUT!$M$3:$M$1000=$B$3+3)*(INPUT!$N$3:$N$1000="T")*(INPUT!$O$3:$O$1000="J21"))=0,"",SUMPRODUCT((INPUT!$M$3:$M$1000=$B$3+3)*(INPUT!$N$3:$N$1000="T")*(INPUT!$O$3:$O$1000="J21")*INPUT!$P$3:$P$1000)),"")} | N47: {=IFERROR(IF(SUMPRODUCT((INPUT!$M$3:$M$1000=$B$3+3)*(INPUT!$N$3:$N$1000="T")*(INPUT!$O$3:$O$1000="J21"))=0,"",SUMPRODUCT((INPUT!$M$3:$M$1000=$B$3+3)*(INPUT!$N$3:$N$1000="T")*(INPUT!$O$3:$O$1000="J21")*INPUT!$Q$3:$Q$1000)),"")} | O47: =IFERROR(IF(OR(M47="",N47=""),"",M47-N47),"") | P47: {=IFERROR(IF(SUMPRODUCT((INPUT!$M$3:$M$1000=$B$3+4)*(INPUT!$N$3:$N$1000="T")*(INPUT!$O$3:$O$1000="J21"))=0,"",SUMPRODUCT((INPUT!$M$3:$M$1000=$B$3+4)*(INPUT!$N$3:$N$1000="T")*(INPUT!$O$3:$O$1000="J21")*INPUT!$P$3:$P$1000)),"")} | Q47: {=IFERROR(IF(SUMPRODUCT((INPUT!$M$3:$M$1000=$B$3+4)*(INPUT!$N$3:$N$1000="T")*(INPUT!$O$3:$O$1000="J21"))=0,"",SUMPRODUCT((INPUT!$M$3:$M$1000=$B$3+4)*(INPUT!$N$3:$N$1000="T")*(INPUT!$O$3:$O$1000="J21")*INPUT!$Q$3:$Q$1000)),"")} | R47: =IFERROR(IF(OR(P47="",Q47=""),"",P47-Q47),"") | S47: {=IFERROR(IF(SUMPRODUCT((INPUT!$M$3:$M$1000=$B$3+5)*(INPUT!$N$3:$N$1000="T")*(INPUT!$O$3:$O$1000="J21"))=0,"",SUMPRODUCT((INPUT!$M$3:$M$1000=$B$3+5)*(INPUT!$N$3:$N$1000="T")*(INPUT!$O$3:$O$1000="J21")*INPUT!$P$3:$P$1000)),"")} | T47: {=IFERROR(IF(SUMPRODUCT((INPUT!$M$3:$M$1000=$B$3+5)*(INPUT!$N$3:$N$1000="T")*(INPUT!$O$3:$O$1000="J21"))=0,"",SUMPRODUCT((INPUT!$M$3:$M$1000=$B$3+5)*(INPUT!$N$3:$N$1000="T")*(INPUT!$O$3:$O$1000="J21")*INPUT!$Q$3:$Q$1000)),"")} | U47: =IFERROR(IF(OR(S47="",T47=""),"",S47-T47),"") | V47: {=IFERROR(IF(SUMPRODUCT((INPUT!$M$3:$M$1000=$B$3+6)*(INPUT!$N$3:$N$1000="T")*(INPUT!$O$3:$O$1000="J21"))=0,"",SUMPRODUCT((INPUT!$M$3:$M$1000=$B$3+6)*(INPUT!$N$3:$N$1000="T")*(INPUT!$O$3:$O$1000="J21")*INPUT!$P$3:$P$1000)),"")} | W47: {=IFERROR(IF(SUMPRODUCT((INPUT!$M$3:$M$1000=$B$3+6)*(INPUT!$N$3:$N$1000="T")*(INPUT!$O$3:$O$1000="J21"))=0,"",SUMPRODUCT((INPUT!$M$3:$M$1000=$B$3+6)*(INPUT!$N$3:$N$1000="T")*(INPUT!$O$3:$O$1000="J21")*INPUT!$Q$3:$Q$1000)),"")} | X47: =IFERROR(IF(OR(V47="",W47=""),"",V47-W47),"")
